filename,fine
ab7faa1461e3d3fe2e533c9d635128bde86a217e.jpg,39
78d12f53a2b239f0095f8da0a342b34c5645df6a.jpg,14
eef137dfc6bed0637cf15146ce5c212a7ca5fbf0.jpg,30
ea6c0f28a1d8fa50bad8746af42b7a852e4f49d3.jpg,12
04426a2d3d4eff9488e5532c2fcbf03dbc9f5b7e.jpg,19
a9a3ea348fc25e7bf4598aa2db07f0c708a56b2b.jpg,14
687f071d099ce748219b814e95bdc03eacffc8e2.jpg,40
b014e0514b9aee49629fe990d7c1341dfe5b41c1.jpg,11
9341ead0c475eadb8f0ae5d9e33525a75b5b3e80.jpg,45
2e5fd63480c66e062113fda535478d048d7aa236.jpg,43
5e5be4c7c59ce3b35525f0cec17803d74adc29b9.jpg,19
cf1e00f73e9e27995a44f8fdb9c57d7c0d77d1e5.jpg,24
672fced5320e8aeae69f8c84c688f430747574bd.jpg,47
bb4bded495ed20896506717104ef7d7b97a5ffed.jpg,16
e1f93992a003fa254c81ffe851b6e2691e3f338d.jpg,1
9a58fdb4378ee32f61c1b8527db221c5c1229d61.jpg,37
eb5616c83a5e84a1b4e66693d2b0d2c917392f7b.jpg,27
61e423ae6b25a5fcc0a58bc02c616ddbc3498570.jpg,44
b0ad11d901d8d69c448d8b73419b3234066f6d87.jpg,14
c0c0dbd41530a8e271c3ad85058880c7cb947350.jpg,31
6dfc171676c56a28e9852198274d62da5f5625be.jpg,27
fd9f59cdadc967cf1b06b005f53fa1e5e3dbae59.jpg,41
be3772449ef925098b4434c0f11c19ef4cce91e1.jpg,46
e0b4554096312307c79d7711cffc193025950d2c.jpg,36
a2393af775a7af9e666df7f3b3c345cf5fb58665.jpg,24
8f2acfaad5beb76cb1a391ca0160f57556a0f824.jpg,10
042498c63859145aa2c10e3698433a1bb2497380.jpg,11
c45dcf204c538e7428f50b5cdbb504da274ace2c.jpg,39
1ef7d3e2cdfcee0eac1fc630c77fdb74bb0617ea.jpg,5
2de6bd26fedf207d5940eab3d13f648402cd9dc1.jpg,43
76175f0d255af757208debb1619c369fe697a39e.jpg,15
ea95abb473ec868856593e2b53079c5970316c09.jpg,29
c6112de3d4089cade4f76f04562cf4e4ff947ad7.jpg,30
893730e38a90438e0ab7a63aac907d9ee52f925d.jpg,43
275822362f3dca2ea4292b609cdd9f349540d7be.jpg,19
e07611e2bbda7d72d854a5d2f61738128941f4e6.jpg,40
07c59613e0fb0faded7e07d01ee626635a154a82.jpg,39
cc069db313e9f2fb6be91844073d1f699de20bd3.jpg,36
7e8fb189831889d85182fa885897a6ba7f463373.jpg,43
0f874c8c3f187ae9ec60874dbf1e1e8c3392c190.jpg,22
57957d494d7e685e13af25711b08b5936142debd.jpg,39
41628d2b52ae785095d4b9ce231e9d7168f41de3.jpg,22
6948c6f7c79b8155a74ebf84933c58f51647f38d.jpg,35
483e31b4fc622d3e23c7a95ea58184904204953f.jpg,24
6186353666ab72da93fe3d39e443928ca56cfdf8.jpg,7
8e0379f970808da7d1443e7c7f06f61de08b86c8.jpg,13
e24350e1b45c31807905847ac51bd82facc9e63e.jpg,15
6b771c943091b47f21a5a8cffc51ed30b4ac7d74.jpg,37
6d2370b7849296579a6e65dec8191422d804c15e.jpg,28
bd27e88e32eec7ce0ee8ae73686025aa42949b12.jpg,42
ed635cd0291673e16edb5e91b07817c52ac84f68.jpg,21
09fa7c4088a0e7286d7ba050a98d08a4aed2afe8.jpg,33
767ade48a8a1c6d648e1b2aadcc517869f5c470f.jpg,40
0ee4678e527d8048f3484fc1679519ad3e8afb37.jpg,4
9642c16cb9a289ac536f6e4b066ce292468a84ce.jpg,12
1c09ebcabc9573f8c72677f0df55df53cda66ade.jpg,27
d667970e1a52277a3f8aa0e508f973c34cc2c132.jpg,40
73951bdcbffd7c0ecbe7591a112e348c08d99c59.jpg,32
00f91630d2cd5f9f70bd0b2369ee6bf3451f85b3.jpg,17
5257b0c25dc8dda2659fbdaaabde54d510daa0b3.jpg,24
9a7a5121589c61a4ac86094428669415e0563a97.jpg,0
d22deae796dcfd0f1ccbacdc7b9d05c5bf85871f.jpg,21
4339db133e6de3d275ace1f05d3e3070490b6fe6.jpg,17
f910204d26db730f978cf6f54a5f9acb573516e3.jpg,12
73deb8e1aa4cc0bfdf07735377b3806925e31672.jpg,0
e24ac5e9b6ae1546dd2a58ae9f0d831b10e1fa2c.jpg,9
8f0cc54cb8c79a2b4108ae4ea1262851cb83b9da.jpg,44
08fd81e43fa8599b4e0cda1e89455c6ff78e9935.jpg,21
7609dcb884d4cce6fab6d7d5d8e274bb35fd1af9.jpg,21
74fa0ff750c88d5c74000398a9cad6f52ae93426.jpg,26
2bbd9437e4c5833d3c731ad510f052902a8d838f.jpg,10
eb3982c878951f2219972b19d380de8ce4e2f4e4.jpg,22
7254a3c23c6f584d1924dba22268d2a9c4b35f4b.jpg,35
1d3d81fab4dfd005da8a4a1304b87b76df528deb.jpg,32
1b673791cae9f8e12ea5c16d0c7031be0dccedfa.jpg,17
a7ee1c4b9ced2162a83a3a8722c6418169996830.jpg,22
bb7147cad370eb2ea648f08799a35c0f36553fc4.jpg,0
b6399b38c162776daa3c951f58b7709b74e14e19.jpg,4
362d7acef18ae2d277c50276cecd6bb655a02374.jpg,24
017e3c600fbb19d91e43b86a403e6bdedf0f5d9b.jpg,43
7b0902ed9290cf8c3717561c0f760a64063e691f.jpg,46
02fc73f8ab8592ec1e86cedf1b6b8e587e202fad.jpg,4
3786e66683a62cf8ddec83651ecee5fde82d4a79.jpg,8
937fc4ca4c0e8fac6ff645f3e3b3fe88c7963922.jpg,30
81d5c5a0a53b1a9e4e3df6021927ce123d178be7.jpg,49
9735298ee2aa74197f732e64492e7799e78bbb47.jpg,27
65eb3c0910474e33dc703fe0919fbe8e6a1f5dc3.jpg,33
0b41d893c3c085a1c4e9a74f7793d8d38761c194.jpg,21
e0e2ad8ae8306186312b47e98e557c40d6349309.jpg,39
0002598e4e2efab4a116ec72ce88ca49bc1cf22e.jpg,11
e46f874efb0bba02d9534781204cc1059be222b7.jpg,39
d49103660f582b706c46e7d779a93d53d025cd17.jpg,30
ce2a99f72e0d11a1ed06c3c0f738a53da2f4ffc5.jpg,14
df03a45d3c4a6ba900b34038a68447f32795c020.jpg,29
1961f951697981d43c3ba4cf52d68fe04683648f.jpg,7
97f0072063f54275e22b2c9188d14b8cd6ff9d95.jpg,8
7688cefb3732bf97a41fcf83fa726430cb77134f.jpg,22
34f2c1378c5e4e5319434db07f81497774c7b7e7.jpg,9
43aa2807b08840dc3fbee276a67ccc054be05ead.jpg,39
8ee92ac5517b835d914cf93fa08223fc465512fd.jpg,44
482a1781e21f7c6860567642433dc87ab7af9ae0.jpg,22
33f05e5fbe5b2705ddd170738e6776601b70e776.jpg,28
7711461089ca8a73632b29cea2547ba3f11b8950.jpg,32
39648b88af77ac357ee40b5faf75ccfe88a5909e.jpg,4
8deeba7277416a4a0ed98d73da1435f558a91b01.jpg,23
e441b6bb19f1f8506471f0b935478e8ac5f03b3e.jpg,14
79c2174177fdb7d7431cc732e7549ef14028f35d.jpg,33
7897fa06ac5a8908a9cfe5f671f50ea543d44b4b.jpg,42
1c191ea3d97258717d920185fd07eba34794f9a0.jpg,8
3a8d77229d66985d500386efa35e3d0937a5776b.jpg,21
ea9abb744853a8f70ac49bff21c5f77e86c57274.jpg,21
07b20ae9ea67b38dd2fdf893b030218488af7599.jpg,20
42f8222a9b45365d2ac661049679e48bea94731d.jpg,34
0052ae2a782e913db11d6ebbdaea7e3c4cf06567.jpg,23
2f9466d229acd1b9d129c59899f5e042f8d26963.jpg,9
d39c778dfd3c2a273f7dd23339929c7ff441b9ea.jpg,3
14d73aee1bfae3037be23eed1332f9ec4c3cffee.jpg,46
dba8d4e95dffaf255f3977a165a08d0d6e13c4a4.jpg,48
222ab5691e4a956ae063ee117d627ea821774335.jpg,6
b96818f6cc14d8291a719aaf0927d9fbc17a8b5e.jpg,15
df35eee7ae034194b1245793def84c63383ed2b5.jpg,25
b491bc79c159a8e0de021ad64238bd430310e2f6.jpg,19
edf98b437e47ad47a1b1257b41a029d3e0448ed7.jpg,30
c0c904576e254d55cede5b66a598d030725745e7.jpg,40
27600849cffbe79f3c8012a1eff4f2449646f5cb.jpg,12
c6eae15787845293e5a10fbfa18ebdf65ebee280.jpg,33
dd4326e1bf0bd855517e017d523cbaf0e07e3ce7.jpg,13
a9b940b02997eb8ffc699da4ab7bfefb1badc5c4.jpg,30
858b67cce17c1d694905e28a76ad6cd9dbd5c54e.jpg,30
8b582f26ab73a654830418cfeb45bb90add20aa6.jpg,0
a47d2821c917630d3ce66ccebe8f2fa960460808.jpg,15
868f8eea5b5f780813d72e1b4044a054d098370d.jpg,42
8b482462f123052e5e572eb0e006a976bc5a0313.jpg,22
a7d87e5ec35ac7cb285c0c9171eee345a5ecaf17.jpg,28
e479082d03a004ac5d031b8f0825e39f9e4bf35c.jpg,23
e0bb13e1461e7a2a6f58254a3fd9fdd213cd298d.jpg,19
ae00e585303e7861713de4d1e8fbf2b02b4b8586.jpg,10
9b9872f144c4fc88e55cc6d3952544c9fc2bec8c.jpg,45
abb1c0c6b231173884a43650b89655d5c95c32a7.jpg,19
5bc3ba56834dfe5eb3e945a80b51c6e61211c0ba.jpg,28
63d6116f8d57c27e46beb15ef088154d7db651b3.jpg,31
ba74189ab3d8100651999341fb39c00c51656312.jpg,10
da2a5712d87f219ffc07477515cefe1dcd6f8675.jpg,20
5370128956cf7420a43c75257ace3b30c96c3b96.jpg,46
15e6986e9ce519154371853fea964e1b4622e5ed.jpg,10
97dd3495f66b75773174bdd1ef5ddd85906fb655.jpg,11
f4ec65d87ab2f7980216b3cecaf58bfc2fa20218.jpg,11
d32a3a6967ded50a48c9de9918a00372c1a58ab5.jpg,7
d728e11e0c30f8e3dc2c6744c97669096b410c24.jpg,10
ce6cbb0d07becd2e100161b5c4e36478504b7a8a.jpg,14
aa06968b767ef74fddba74dac71207b818bf6682.jpg,47
d90c5403f4148d7d1e60acbe67c42fd292ce3028.jpg,48
398726b492cb090331064cf0aad1b2c915716e90.jpg,39
077d27152799bcfbf591685183bd8e909d5fd46e.jpg,2
107546704943b8d581be6ee65b93c3ceb9fd9fee.jpg,40
648e15f7deb4f2a208dcc71125c6d112fea5c046.jpg,26
17db51349ea2ece497c8edefbd9a9e0f1668c4cb.jpg,30
4757255aa26038eddca2146b1e2635575ea3ed05.jpg,38
3a0cb7cddfc7e5794484ca96f378ded5ece01f98.jpg,25
5c970651843361a5cffc1d6a30b9a4cb2ce6363f.jpg,4
9cf3c0dbf9adaae3b0e544c170ead2d2ec6873f4.jpg,43
ee73a2d839484c22254d74d7911475b672778145.jpg,48
16f96fc84ffe63c4d489fd8ccc80d01ede3c4a02.jpg,30
e466ba058856b4ea2d84a120b545bd4205c1c11a.jpg,38
ac3a6e1d0077b8f040f3ae5b7d0ae499cd67c1c7.jpg,45
a5e544446cbb7f0d0d73ddafe0edb3650eebb746.jpg,10
938b3a0a901434de95f34ec9f9a2130eabd6f11a.jpg,49
da5ebf6abb9c5221ea22defc6b595aee55139c10.jpg,10
df8f29c3996a703fde3b84b8810c21213ee5e7bd.jpg,47
31da8199f0f4e962c6a8627401d6a29c43cb5ad5.jpg,6
4f2b06cafc232f6fcd5acaae033d9810ca1eca5d.jpg,18
bc2d93679437cecc8d53bd3cdd3508d30423b709.jpg,2
a86d6744447edd3bb2a4862ddbbd438a13915445.jpg,36
a18dda82d37cdd9248eac594d18bd48eead59a89.jpg,7
17f96964076ad3dd91be8dd76314eb3fb0aa25c7.jpg,32
4b4f53d4bcf414dd2c7727c98caab670898a62a1.jpg,43
10b1a77a660698a3bc6a021db8f25c85711998bb.jpg,6
6d906e02f94917d723f6037bbdc3149d7ecce20a.jpg,36
fc2688811cd46a5f736e8ac6bbaf9103a73501a7.jpg,11
4d48cabaf2674289ff071bdd5471dd643d3c3732.jpg,27
28ea2aeaa81a3afb536fb26a8c1537b5d4e5139c.jpg,5
ca3a6d14f8882ac20ddf92eac7e0b1a33ccdd5af.jpg,8
36f59294335842333859059c72e1b8f6f0df6437.jpg,23
8b3f518980cbb5be1046fda33e8d977145b875e5.jpg,46
74a107d839d54c09070f86dc2f783ab007aa4ae4.jpg,1
48c9498cb060edc7daac3da1e50e009752d01845.jpg,1
77b9e42364eb639677d11d1882e154d49728539e.jpg,6
bedf8b7c9dc78739f560f6eb8c2b1cebf55cb18d.jpg,30
3605c1635bc7736f7007804d0503960484ea7f68.jpg,29
e7c61d9c76c6d7501fd9c1d9b6ffc58f689df4b0.jpg,24
6b806229532d0596c41d53736bc4eed587d992b2.jpg,36
bfb8047e265a79c1db45283fafe25348c5e83054.jpg,37
666e59d3e0c8c00e637d67c7665a234f314e9a9e.jpg,14
f92ecea5e8582f9df8ee788b1fe617c3bfa44f5b.jpg,44
b65e294508397b555b64a37751759ad7b9fd61d0.jpg,45
79172577c3fe37369143f6ad5b0d8db30a616d02.jpg,44
58614b6fa750dc8c221117715ce5ee64a475bc9a.jpg,48
6cf182cf7f1db2ebc9b0171e3a0255b8833da1c7.jpg,13
e59f8077cbe3a1489563a6ea60719a324f95947d.jpg,19
9620fabf7bf186640a852ca25922fee3d408149e.jpg,5
e36467b60d4683ff01c1fa52cfd9660a134f5f50.jpg,25
33c9cee06869e6bca6e66658487d3cfd8a6a6bad.jpg,30
e829d2824ff2d3f98c1231e3d86aeafd1b697ddf.jpg,18
ac3a7d6208928bb302c5aa185b66f5ca5c942b4d.jpg,7
041f070685ef9070746eee7cc86bba72c3f2a852.jpg,49
3e4d1a65ac65a972fda9f66e1e9045bded7eb44a.jpg,16
fd0d5886dd6b09631244928d9fc070b497ce4c25.jpg,23
64fc47e36248609457313be34b45d3c957d05f79.jpg,10
f88986fa54b38f5577a61a1fc042872ff0aecd47.jpg,40
bb16f45e4c5cd3626232128e39c1b8d28bcd981f.jpg,31
63151829fd55fc9fd4a1a011bc36f7bf1c3c5515.jpg,48
a85767a8f3267cf13ab98d818c5f113b9720c92e.jpg,12
6eff83a2e9597843c5f49ac820c4f54902519f72.jpg,31
47d19a9ffc8dc14c3a99c73786937068c1fb525a.jpg,3
fc64924086433d286e3bb7cab972dbd822fa63e0.jpg,33
4cfe8168fc4b6d456ca4a9ca63ba50b09216ed40.jpg,16
5290d3654c74165a885dc75cb4d6c820d44f79fb.jpg,6
5a224c57b665377ad923226f7597220bdb9ae03a.jpg,41
9c8781f391daf1567a480261e3f09f23e730f631.jpg,10
ef950981ccc399285a89b45ea9b399a43f555406.jpg,34
8ef34dcee790a4f36f6479b3ba505fc759b63ea1.jpg,20
186ae3b1634cacae8c6f43623063da0db58bb330.jpg,5
c11a6eb80d74086ab76b11652c06e83aaff6882b.jpg,7
85278c202d1b09bb0d1bca21a8a72a6d4688f38a.jpg,43
ea09aa4658a7878d81fe1a99b8463804a87294e2.jpg,15
53e268ef70af9a372c7307f18771194889c3f6a0.jpg,7
1ec56044cf0840170d8c1235e42ec9736e3f3be7.jpg,35
3e615bb6b264a2244f4280c527e1722a2457a8e6.jpg,35
1908a90966f01515848dc164c151f2c231b6954f.jpg,39
90f2d425f2615d239a2cc53bec3b9c045ec06205.jpg,37
7574b366bd7b8f8a870c20ca1bb68c67902644dd.jpg,31
ca4fbcc5d00128ea003c68d437eda2add4a92d18.jpg,27
99a4bc243ba3e0ad6a69e11968f74f92fd23c769.jpg,49
1c2006d6285337ec5a4e4ce8a10d0b19f24dcab0.jpg,19
755ce2120213bd197b3002cda66022bcc6b1ca64.jpg,35
adb5cd8e0c1756ac6c25c333875862910960ec71.jpg,25
bf75706b06135f7719c87b691707f8a620e304a3.jpg,44
c35153314eac4a89839d395ba168cb9ab5af19cc.jpg,45
2bd9af2d76169a186fa12aba3bd4fd18a3bfc087.jpg,19
b103035e73458058dafe84a992e2925c1050f2f3.jpg,0
01fd3c3a4905e71f9aa485d30e334adc5a5c3337.jpg,9
31f4b880b472688be2eded2d1a6d3f6a2b6c1633.jpg,8
7f4c4c4d658dcb183875fca53b012f243b860906.jpg,17
c2dbd4ec282f92b5a1939a5a5ff344479e395707.jpg,4
d90ef52e330227ed318a470b8378acbff242a279.jpg,12
748f46c4b719895f6ef64bb2c642de4688ec257c.jpg,8
12ea715ea5c71e6099cf172fb15bfac427d03eca.jpg,18
cf04090cb01df3778ae5da90e1d8b761ce12079d.jpg,4
9f57f0543cec1f4deaa6ddb8f6a545aaba3b6b90.jpg,1
e4d7e972e0de894627b7a3c835051e37d7ecc252.jpg,11
92b3d16cf50271736f131e90b8290dadddce8cab.jpg,27
f5adaa56c86510a9049ad7006b51ea9f9ada078e.jpg,35
0d067b67bd1c32e9caf6ef56c85ad9e90078256d.jpg,26
d36caaebc045ee3b41ee0718df29e697281df7e1.jpg,33
f529b85b54379c001a97c7414067b26f207e3076.jpg,32
53a885c7e99171e1ae048c461136d60265723b0d.jpg,34
78012dae3991405a0c6b96d7bbc9440e5f6668fd.jpg,23
df94aec3787c4fbe5d98bc383695e9abc797b523.jpg,42
80c9c14c8114e36c0ed74dfd133c83a9b43a53a0.jpg,39
1e01c24af9b899ff2f8dcc441c26d63953d4ce63.jpg,33
d80dcffe01b6b9781d9450dfbd3aacbfe5160942.jpg,21
b62af3d655740c493dd02fdd2ed9bcf52720bb10.jpg,44
15ae650c0f41ff936e17b5c08fd00796770e9f28.jpg,6
33f7d8c2d651ed07c0eff561b53cd4a6c7d3465c.jpg,18
edfc4210b49aec574d254f73a44b09f8e9b427b0.jpg,49
b8ae160ef497e5759f8f0542999861071e9bece8.jpg,29
b1b125949d6896264f5ef24e89dd16f4774f7bba.jpg,48
0e219670dbb429df7d0d91967308ee47d0d71197.jpg,15
c306429f2f4ab7559d5e55f8e78563e89f293e14.jpg,2
ac896d63372902e67a80b180e3c7c339051e9d85.jpg,45
5b00f5d21fc635948987b7a779f0ee10bcb81006.jpg,44
51d0ebdbe5e246781da8c016fd8b15d79651d023.jpg,13
ad6f9ffe0dbfea7b91f7e9d9071b98134aa7fe39.jpg,29
e5577a31245c2a3b3b69b1bf545b094b16852ecf.jpg,44
a01daf3e179d7a43b5a3a8789ce60f7d057a2ede.jpg,16
e46a63ecfc8d2bf8fac953815045e2d0eea08b35.jpg,32
9f8f8416d213fd707ea4b603ceaa527e4b77b488.jpg,20
4bc32fe02a1d7abb0ea917e20c43412109511292.jpg,43
bc430cfaf44b3bfab015abbef82da3df0b869b1a.jpg,35
aa38397a8c5019a9d0344ac8a9a8ba801f26fad7.jpg,35
a1dfd1c88838f7d4e3060e0e6c1542539e6e1f26.jpg,45
afea067e9047ca5cf20a9ed87211f92d9a79b892.jpg,13
1821d5fda123fc30f42ffc19877d399307eb7280.jpg,15
a8b97a832a390982c653002cec32c805be621af7.jpg,22
fed02bf11411441466e668da2b6adeafeb696daa.jpg,43
fec75df4c68b9827f2914e2cc018dc0303c14be8.jpg,29
0cb87d099385c130996741c3f1c45620dbd018f9.jpg,23
7fbe666f63b0b111c2fbce3c9f5343a63aef998e.jpg,15
7d725c23591ab32cb0222cf55372aebd80e22c57.jpg,22
837ff0b96d4c3af6f3ca8138da563d0438a110a1.jpg,3
15b7fc28506b0678bb7e51d4fccde1ba495fd597.jpg,45
d19b2a2ce7b8bda186d39412845ff91eb2452d58.jpg,35
8048760a4a8d4cc18e075b3bda5ceba5be15f598.jpg,33
b3636e31fe6f32132fbd6f98bf76b1cc2674ccae.jpg,41
320c3d2fc5c7dacf1d5f5bda07d55771b8a3f377.jpg,47
32cee597fbc26202815d6410dd7d717e1be8cb77.jpg,3
783743831d5bd475b6b686f84d78908ced065585.jpg,24
aab82f1934b27dc527388d5b7950525136dd6916.jpg,20
14b8b8f9edc5ffe1d2d23ce290aac292c517ebbe.jpg,29
57099d4fa62c5b3128c3659aa141c7eeba1d1a79.jpg,35
1390bed8bc1887b78e964a0f5eb503e88c50f6e4.jpg,11
75540706e4382d3f8a75e20d3e283d75fb8954a9.jpg,22
49381a73d0e5c3186bbec3a0c521123a62407036.jpg,2
743cf5fea007ace3f3769927071523d8e1bbb6e3.jpg,24
f5a0dbd75bc75955d43f0a965c38fa04f6b8dd80.jpg,8
216c9cef6ce76ca9d21eb5a746cba85b471ec18f.jpg,0
1805e7eaea1ba7d536b13b5ffc4f2d2a72388cab.jpg,28
127d04ef019fcd87e4b9f27f9ffa364c68d85e79.jpg,9
981c8b78dceb865b62d1352a8c738c7df612687a.jpg,35
0da77cfafd7b37bfda0b9eadf1f90bb20341c034.jpg,24
13dfd0f5ea43cc07bc4dc1c65ecdee4a78cbe353.jpg,1
ff6b19e1ef575e422f82cd20190b41352d811611.jpg,24
3ad3dbdbc36cc5d1729dd8fd6d8b508e288ab82e.jpg,49
172a9b98a2802f1cb2ec3ad8bdf3fa022cb2af14.jpg,43
40016aeb0b3e76dc729222b925b3abced7045e94.jpg,38
baf774072013ff8dc18c38ccde71c15f02185809.jpg,21
58f99b95c2f902651757d76700b9b2bdcd7325ad.jpg,16
996dfcc37e1ab93e90000d3e288476453e498453.jpg,28
2aac5aedeb0a3706eaadc0ff4ca155b1b1ea9981.jpg,26
07dd4ef06c976b8051893b7aa6095353df700307.jpg,40
94d52af822ce49da48476d6fd04b1f0a53e11d8b.jpg,27
bb57589d5ae45583b786005d91cb847e5a451363.jpg,31
d67f113c1eb74b4274d59ba6fe13e608d074cab7.jpg,18
af1cca9549ba1d1e99852c51fc99ee8c88d92abd.jpg,47
6f3b4fa9668393c40dd597a44795fa11685fa7d5.jpg,35
ae83303c295774e09038990f8471880188e7ed4d.jpg,1
b1089c0f0af0a56d4351bea2e768e949c429da86.jpg,18
14523169b98cf15daccfc93c941fc4e26790be72.jpg,12
ca64577f76f2d53abfe75388b91210dc0cc85fea.jpg,7
2ea3bce4c6075dca08b690cd4871166685933813.jpg,49
aa8fb292e717a90a31d98fda1fae97d440da55d7.jpg,42
2c2af0141f5dbda50c7a53b8bcd56b08cf75a962.jpg,13
ba2699072f98ae704e6b6877599a7f083cfa410e.jpg,8
51191e769010a9a6498d6d0773d6360af57a0376.jpg,25
9520315446277e71983baa2850e78750acdd9e8e.jpg,28
14768ffb57176ebe95814b5e4223330a2c8a092b.jpg,11
ab7720c89f440d8b1855ff4145b9a5fb10a0a04e.jpg,8
2bb77861e7fe3798250260df7ca6edde5ef0c2f9.jpg,15
1b8bfa68bee4740229459eb2b49658d72a2d50d6.jpg,30
877e1be6ad85b67f655ed3b4b8a9238dcfbfc1b0.jpg,9
bbdf57b235eba942d28e7e1b8d75a43fe3fdc2ff.jpg,24
2a7884a270d2396de85a525d8e5c7bfd0d7b161a.jpg,1
7fbee4daf3e1f133c40bcee14e5551c15ff9b823.jpg,35
1456a8b575cbdd11f6fea17be4a03be29c847573.jpg,41
67eaf610433a3e003888a8f12bbe5edb9d7a0f44.jpg,31
5fc5fafbb15e69eb5909aac9bb673b5013f33e5c.jpg,11
190e078e1f99d546e0612ea4bae30fcf00b83932.jpg,2
2649c491839309884e12ca315d856724f7e20c9e.jpg,48
4b689887f86887069b83e62913bcef86f8d9c6b1.jpg,3
6903286b547d18cf129c6695c72feab8b5edd7d8.jpg,33
da3753deaf9c8193546f1742e5bc00a8b7f8df2c.jpg,46
c0e8c21a7b58fcb6ba689b5840b8169438dbdfa9.jpg,2
7c438f9d4b64e5d57df55a6f59937af2b9e3a681.jpg,39
a31a0f41b125ff93a95430368e4da26b1f770ad5.jpg,29
cfd330d3bcfcc420694ba3329ec3f17ea5ffddfc.jpg,14
e80a3315ea4653d71b3add60531e029dc2fbdb6d.jpg,7
66ba9ad6a09aa436de4678ce02aaed7ba840c65a.jpg,41
30a1afde2455ff3ed0b1506d3f4c88ee45c030df.jpg,40
dd5c81a4d2a0d91a0be36ba9fb62cfa401586242.jpg,25
f0163568caca402d4fb920b2d5b1e494433a98e5.jpg,31
8de342928cc8ec8ec1faef686b6d009e8556fc0a.jpg,39
8eff737367c7cba142b8a3feaab8617879f54138.jpg,8
ad041c3c9cc848b0e46e4473ea222ca9538e18cd.jpg,5
9b13395ced3a6d5600a927ebcbc1861844d6d932.jpg,24
f130b87df26f78b2cc134888127e9d7a36cd73dd.jpg,19
e52fb588775298f9e52797940a7116b6da523e9b.jpg,46
f09734535fcd5f832da080d76ebc6af255ac878f.jpg,48
da39e96d650505b6309f339b685707ede27c94f2.jpg,1
ce32c5bb743b0f62c2de90b391815d889d63e140.jpg,14
214b01aaa511812eb8d6b44d5fdc95869a1f794b.jpg,0
718c8e350cfc387eea022a0372e8e5cf111db098.jpg,23
39e1ff52e436cc36eb9d0e355368fcd5da29b33c.jpg,35
2a0ca14e4461439394f77630c5d6aa04a2c1d473.jpg,33
4ca2b275d2027c3265355664dca64edf40cb4d66.jpg,9
194d5301a618da9d31abc18c01e889d167bbcf57.jpg,20
134c0b29514aa38645841bc37dcfcd54e549716b.jpg,49
da7e0fd9fb8fbf6ea3f9963ced81710797b1c1e4.jpg,42
5cd801447b66bd74210762f885144c772e1d8bd0.jpg,22
ad094f82ed2b800dbd2663c0a0f81fd4d7bd5434.jpg,18
12610e5c5b55990c0dc6ddb734e0c372d9ec9d2d.jpg,13
a8a7ed9b0d2ee1470468a5f5fb3d4d0779059d45.jpg,46
6ec8ca84e1f3429464a11ad4c0995847960ff343.jpg,30
7541eeb72875ff8fa8729789a103d01120f85644.jpg,39
bfb43ad6471ad29e9b5eeba9d2068f7e745a9b12.jpg,30
d21a29fbf6c0385e7573bbc190c53d85875c84e8.jpg,38
0992ce67ed830283b6e5cd777c2e13e239390575.jpg,7
d37cd595dc2096da386d5243cff8a8073bea20f3.jpg,0
0819efbbfcbd373a5b7a989ab82c6fae5d26d059.jpg,37
843567617ffc85e508fb1f99f79effa8cfde3df3.jpg,22
07b3727673b563b5b7c9b0ed8363d492810e3b84.jpg,49
c3980eaf102b0c9f9301028c8c669166bd41ca58.jpg,28
7c1a4506914a67d8f72b04b406bcb96c7177aef2.jpg,17
0954890e72cfb8566e3aceae563d889739cd2e14.jpg,41
39a5b6247f28fd3b1e78512f1a63d813bcff53f8.jpg,46
58416cd1d0d18958ffcc87f75754ee16273d39b1.jpg,27
ef7f1164c5d9e2b402b96dcf5b3b349df27d21b1.jpg,30
6ee400aa0eeefac51e5ed1f3319b062d16ee0a4b.jpg,22
9b73e4d2d35b8e2c5fb37c3ced4cd8a454fea418.jpg,5
c6ecb75fc4acf4b03dcec8be4131d9a56343ea49.jpg,33
cb01851fe409cd111271d7660bd944c1f7d4642c.jpg,3
51f9b292638d7c0c218217d31f50afd31509fe35.jpg,37
cd658ab0315481c5991823ac105128f9927f65e6.jpg,27
5286c450c7116239b9ba32819c03709721bc1918.jpg,21
21299c809a80256fcdf2e3b079b6bd510f923003.jpg,35
a2d80ed6125b5c66c90fdd09f3241d2d5fa5b50a.jpg,43
684e111bda98b959bf9c31566fa898ae953eb8c8.jpg,7
50ed48af881b75e49eb36d230be9d0196996476f.jpg,41
514dff3dd21324eea7ea5b4577f7e6e2d504e903.jpg,23
ad6d69af251315ee285f420f44979c5aff50339c.jpg,2
b94c4748a9a8d7f6a6dbc5c74ba9e3362427576c.jpg,43
371c5d1ad7065fe47193e53648cbd5a5c9f3313d.jpg,43
516f3adef633406a16b95326fb188fdc336dac6e.jpg,29
985f809bd6b52a84ab63ccdaea62356db10adee9.jpg,18
4d3803073788d9c697dbb2e8fea287159330c214.jpg,14
fb6a95fc99d07feeee3edbb8909be52e585af871.jpg,6
c48db416a0574822e76eaff4b613b9ce0e6f0058.jpg,44
17802d479b63a37470e7044dcb9c4b3931d5978e.jpg,6
866ecc773a2b69cb387164986053bb9e47995213.jpg,46
d2e93e2b6ee9b061ba2900a47673cdc8f46c9b98.jpg,29
c406c4b390b90c2a6a366515321410f9d47f0700.jpg,33
dcdddfebe46d6379aa232faa9d04a612a2a16b99.jpg,1
5ecfa5dc2cb0c5fdfdb87a8bf563c2d1c9a83b65.jpg,7
267dae63f3f8346ad2ad1a40e01c68e542e51312.jpg,21
01fe009a9d14ed015cd79f7cad0d98bd48c9e8f1.jpg,8
4fadad056f1e35fc7e2982452b0e307aca289355.jpg,2
c1b6cccbf6ed2546330f39bbff6c84106506b429.jpg,49
f9dfe695e822988e9ee65cdac2ccb6d206e11d3a.jpg,6
d44aa4609640416fe50b393995c1855edaab6d5b.jpg,3
b7235840b73550a29e2cbb83ca69c34d610ea8f3.jpg,23
d25dd06dc0350231b3f5e6c9154f4ae4b1f17278.jpg,9
939e5e5d0bd4397e2f872ffcfa617fbf4b304cc7.jpg,7
e6d1bb1a667132bd0e97a74322866ee3a90758ff.jpg,10
d2bce6b87940978d89549d88580149eb9d4572f2.jpg,30
2d04318aa11157e5e063a5ccb9739f1c74f64af4.jpg,32
58210ca9b4448380be17626b11dd4876b8b16249.jpg,45
3908b759836352344c908cb7201eb09874e2ef1f.jpg,24
35485a06fe0f6df343771367e2b7551917a70c7a.jpg,48
1ea360ef0aec76f54c5a253a195dd40a1f9e8cbf.jpg,12
d769fd51ea67a90b590131383e8dfc22153c38c3.jpg,41
a41f97def6e4ab48a4dbb835deed6857e20b8908.jpg,10
e9bdb6847c4d6b4a9ea33591912d96ce3b693a10.jpg,36
6f336a1fd82117eb454688702da875436fc7ba2b.jpg,2
dc16b96dc603d75d72d591eac64ed8cdcb5bbda8.jpg,23
62ed79158952c581f03eae53733c12a2c3f98991.jpg,17
09ecffafb537c282dc9cbf0d75ba13b399abafb7.jpg,25
6f3a2f8531456a5edd708893b465d1dbd6060315.jpg,12
cf934feb8171d7428e17d3aa17e4608a7736ba22.jpg,48
68c22b37d69c237c34e40d0667855293bd40ad05.jpg,20
3afe434be70ea8adbd07dbfa53b9c5adf87c41ca.jpg,29
13dc65eb09eaf61b77acd54a666b6af4c3f99b44.jpg,41
e3140d5168c8bae675d92dda32ef5fc350617270.jpg,5
d038a9f01edb0dc2922f3920b220157938f7b596.jpg,15
139abc80aa750201e69f1089a12365eacbea88ed.jpg,14
0950edd1376345a949c9ba8d571620c0612e91cf.jpg,48
ed9b0c60c655353d6a87a8943513967903df988f.jpg,14
0e053202b502077f837fce5a4aac4896153913a6.jpg,17
39b8c9fe348bc9190b4736a3a646c0e431eaf5fc.jpg,42
06c2b105618e70219f29548f0efa7f50de9333b5.jpg,5
d7c7376bc9f74439391259d2922891f51cf89a71.jpg,2
e41e1dde36efa36999ff3f7b7b8a07abc64e11f4.jpg,42
900e4d52439e1f274375d7e8dc5d362fdd58e9e7.jpg,31
962c88c1ae7fcc9933400382ae024af36901dc68.jpg,20
5476d9ee7ac7d40f12eb39cbcaad55b889a0adb6.jpg,18
c6a82fe56d156422cd5aaa9d1f6879f89876b8aa.jpg,4
31380b76e5169379f8354168cad94d50447d77f5.jpg,48
37995174815473a6a1ec17ab6ad5bb864faa2f41.jpg,27
37a5c958133b1f8b7f9fbc9c7fcefc8b1d0dcd2c.jpg,38
19e5e4e5885e3128728b4ed42ec68d0018768314.jpg,36
270be7a4cd21a3b4fe380f54f9676045e123c562.jpg,40
05b8967dc1f33662a92dec58fa1aec09362372b8.jpg,33
5a54cd21823437c963056b9c79930e39c26442cd.jpg,2
b5beddda3520462a4cfb82628e0f0b776d98869c.jpg,4
1a917e0f3e547f9d62edcf26f5d9b0f6261ea5aa.jpg,32
bcabbfefd2d947d4073bff9f57d14dc26469cb3d.jpg,45
9aef56d5ec1583f3535d5633231c1e14d616ab60.jpg,26
9d944432e3fd7d7d3e02cc244f659c4d7e28d813.jpg,3
4ba917b935fadab51313f9d9a5f140f231c2f3d0.jpg,23
73b936381ba071f9dc3ce8ba932fbcdc2b043812.jpg,15
aedadd2cddcb24ae33bac0d33e217d5b1a4299e6.jpg,6
a0df0fc6b8f39566a85ce430594627ade6e5c962.jpg,49
08d92d3b667efb19c800b10dde8ce39c0e6164a2.jpg,21
341c4672f3e2507e353cade4947631397c09d2a7.jpg,41
1358ff2e409a95db2a93bb64be9410738d704463.jpg,26
c058252119a06677719d2fb6de7a214ee87784e5.jpg,29
38bca066a1a75544430ec612e5a6bda52c946cdd.jpg,38
a3bedc90e8f83bc86da91f688b0e2e0127678cb4.jpg,30
a5bff78d61ba85a49d24780f3ebee8222d956fdf.jpg,0
1690da4a1f78798efc8e031f9b7ac60a72c28d6e.jpg,41
1cf55b47e0d6acce59530c8ecb3aad08bfc02957.jpg,37
526ed5550c12e98f29dac85a875c204339ca1549.jpg,28
3ab0ff5fbd28f87d69c0e0819c711bb39c823beb.jpg,20
a6d5a8d253d780fd7d13254abd1676e4df80339c.jpg,17
a94985ff7a3666e0fd016445f0c862b56c50eb67.jpg,43
02003596633f257b59745cbe42579d62596d5e96.jpg,33
ead108646db65f42cc671a0f656199336348ba35.jpg,48
153b6e11279580bdd5797c496346f8abadbbbb6a.jpg,4
01b4aeb630be35e213cb50fabe3ccc17b0fb219f.jpg,35
cebca20cfebe6f31a906672ff0857c398f9efa0b.jpg,18
89d23de01376d863b48a1932513c5585a4016e9f.jpg,37
e2e8480fd9329b64cb437fa74add4e3d08fa99da.jpg,32
50a3e45ea64e06759b145ab8da76161526f7badf.jpg,28
a12e0d7adb7cd6223979418afef2a39feefd2fd1.jpg,29
4dbaaafe4ba4faadd739848f1b03809ea635997a.jpg,35
4265b30ca952c7f664afb5c66136d883ce59c62e.jpg,6
7de988d25730867ac4334b82e58846f061f26d76.jpg,35
e01359d884b392ff82324c0eb3e145663de0c04d.jpg,25
5c02a7b82e63e95d19416e719a8a7f7bfbf27837.jpg,0
89ca158922f8ef6348043d1b4b249d8c89be4b1c.jpg,26
0dc65215c212241152242b94dd95fe19d35874ca.jpg,48
976e9aab0012e93005c17f59582c0971120efd18.jpg,31
dd0f0cb0ced6803204d22574e9be833ea56a36bb.jpg,1
5db1f839c5189174c8bef31ee0d5d7ae334d771a.jpg,13
e147afa35aa938b74f5ae7ce2755dbb155d632c7.jpg,17
4c73da957145e5513689ea0733c152ccff28d1b2.jpg,21
538f564a6addf9ab04530d1ceb35c8e3cfee5ab4.jpg,34
8736d32db024efc51409d1c03815451944a87e6b.jpg,22
8402e1847436dbc5957e72217d40719716427073.jpg,3
1c69e792d6b5ade786990a252d0c724b28f64b31.jpg,44
587a8ba426d09a03985aac9848a9627c0636c8ca.jpg,23
b3a1aa5bed173259d361d0958b2cdc7226d14950.jpg,34
c32d714bcc671f5994a4b497bfbb76ef576c30f1.jpg,10
4e6a0974fd73b20daddc1edc2b7f14bfe460acf6.jpg,44
cb40c3e2e86ccf3cc9425c9d393321567fa4e94a.jpg,42
e041c2d12a8c8223103e17b38cc1692a0985aa97.jpg,11
7ecc647451b156f304ed1390e7bdfd164eee9f98.jpg,27
6ac547b3cf852457454cf3c44b15ebdf870cfb7e.jpg,40
cb90d3eac7a9acc9a0c2754c44a045adef3976ac.jpg,26
ccc5d6e636e69c4ee6b06d5f45070c5c992274bb.jpg,47
5e059b503da141969b66fe5f82ae2d9bc8d4a0a8.jpg,9
76acc1afcd08f1956d0cc20836d7ab820e6563ca.jpg,8
6502b1e4222291a5c8ad22703a5278226cd4df09.jpg,6
218c77ae1387c0c2d8db1a81b56929e884ed7dd8.jpg,17
da1ff43867b6b4268817c4302773142cbbe215a9.jpg,9
a2e7397567113f44983443c2696303675d9db16a.jpg,33
e4001497838c642571f5dfdb07cfc3cba94bcdff.jpg,35
5ec23c9fce47765e2fbf699213eef119f6fb2ee0.jpg,31
648dba13e3aff7b49498b93a60516105b01aff3d.jpg,5
ed25482abeeb5960a94994adac8488e325816f83.jpg,10
5f44b98f36aa0a85f8297064a1bc39a5cdcfc698.jpg,28
2bc9ab49b445b556c663972e43fd1a01e240a039.jpg,25
e3c70c9df11b27c46e818e7c5479e8e7b1ed5b8b.jpg,8
47b611f25e7f7f8ba3a9512d6b955e3b1c08af90.jpg,6
cdea80608b05f51f453891d9dd8980f182d285c3.jpg,29
6fd4998d682fa01adc07a47b2dd4a6f2ce00507b.jpg,40
6f09f78aed75c955a4e9b4519539077edbd18ac4.jpg,18
b5fca787cec7054a465e7c5162fbd1e157dd9dc1.jpg,18
68cc0fa07d1ecf221d026c16e00924bc61344b4b.jpg,3
a39ea3747c28260da691ca31a99977fb297b18e5.jpg,16
34c6331e0dead29db88ae1417a3acd09b3a7aa33.jpg,2
3a6b58da03716dc31efece136432d1496a12ee17.jpg,12
5cec3623763d8b54f7dec785da73326858393504.jpg,43
01762a916187ef84d98283c95c25cf7634130a40.jpg,26
41b77c861a90178368ed1237cbf020b353da6542.jpg,1
b6b6da511354c68c3b1a76e6659abefdf8d50fa4.jpg,2
94850d3ee57c308936ea21ccbfc953e24d88a082.jpg,18
91f7f69385152414f55f6807d7df158eeaa64608.jpg,5
8b54a68d4357010d5b77a950b2d81f90a73ae932.jpg,40
17add86a6b56ee95bd058f23eb28b1d71e5bc7ce.jpg,9
53844b34f97c6e35961ab5200782fcfa042222fa.jpg,20
d8c5a81597c24ba7287207529891d418408ea932.jpg,27
33d6eb4dd3264a0e4a072805ea88fafbc4435793.jpg,22
584aa77562de7ff3e2474cafcef1ef382c270fea.jpg,16
6bde5e729e9efa4f148b4ad3592ea20adb9fc494.jpg,39
829d50bb65fae9a2d7c381956c356e10136c8d9a.jpg,31
7580e72f6db799f396495d6177149995dbd89827.jpg,6
025bab46e60f609caa061063b7587c08f67a1acd.jpg,35
d44da34581b334e62a10b1bc47c5c2ff59f5fa99.jpg,15
edbdd71c21a8edabd3aeb3df5718eadabbcdd13f.jpg,33
d34f17892fbece488839c0dd95ddf71c13c845b6.jpg,39
e97bc363cb9f2ff9b001e9ac9105a1a6a1ea4a46.jpg,5
9b065722ff6ee729f374612a83852fe083cb3674.jpg,11
4a226c5ac1fc9e8adb6c76c96217cfc990958bfe.jpg,34
b3d59dcf5a9dde5c1bf79c68c68648ce6caa5ac6.jpg,22
861f709b775539e4f11a4660497c302e4e69a758.jpg,2
44d6dd0ad7c75d18f29a937431f7c8af69fd5a82.jpg,8
543fbaec90416dd7bdeb3f0fc6f691482f41d95d.jpg,23
0db541cd47f32eae532672384e3aacd3bde1e5c5.jpg,0
773e03d8c5ba6bff17180567e2851fba15ff7be6.jpg,47
d67904660af31445de9212887fca07513e51da04.jpg,12
f519f0562acade1d6263f9c969a92c42395c9cb8.jpg,26
db1b026356120e1bda68a9fdd269931c939da265.jpg,7
a33748089863436e18b0e903564b7eae3511b8af.jpg,4
f36fdaf4ebe6485ccf5d169d3aeb0e0656ceef01.jpg,33
11ff3b1d477a074a94fcb86faff273dfb6e003f4.jpg,4
b79325fb64ccb78d39a5cedd9ec88f0366c3535b.jpg,21
026b790cf68028e3c5fd7c6ed80b513906ddf3a1.jpg,3
b31d0c9914589a49e880ecf3fd3dfc416d59e283.jpg,45
29a23e7b6995eae372ab85dde93ed6ef138af129.jpg,15
0c06d2e613712c61fd90da408b7888f71fb3f63b.jpg,23
5a75736937cc1163c80e45889170dd9e5cf42cdf.jpg,30
a760296c146c90d489ee8101b063bea1dedc6ed3.jpg,42
628610e141d26bdbdc9fae485a61231e485ba429.jpg,25
42311356e49c8636e84f819f5693032f6ae3c195.jpg,10
1d3810a19719a9dcc8253153f3c0eb739881860f.jpg,3
9990d2fc5f7d584cf9d5363a5c11de3832d86bcb.jpg,23
2cc36f77f50ea52c0aed5374dcd9cdacc8a7366e.jpg,20
a531f97070fdbeff21ac4be4dbd77a69741b0230.jpg,35
4bb8fb8c24abf90c47df81d8b937914a7baf3e3f.jpg,17
3952b045840f7a863a2d23b791251ca9a6553861.jpg,33
df53f46d824efceef05759225295a69be77f6279.jpg,47
4d5908d4bf5d53ec95296d7de398099005b516b0.jpg,12
d4b4ecf5c35c7bb28323ebff75d0df1db54ca6ec.jpg,41
7a9cf34ac7c24df7b865dc5a8af4bbf6f6f7d072.jpg,1
8709d91146580db5732f8e28cb5e62180af06bfe.jpg,0
a0a27e2bfcf13ca23950b3b8408a9e177fe6806c.jpg,3
280ae621b9ba2ff7fa747f718655bc33dacb335e.jpg,25
ad18abbd17528cbeeb1bb55249a5ea85d8825b71.jpg,1
f3f97b479df6f79e1b71964687328a1ed4d923aa.jpg,0
edccf858875e994bacb284d5c85a293c7c0d7c23.jpg,9
741b3b761eb18ed31fabd4e4da1f4538cc19a7da.jpg,36
2895e8429eca68e345b5c7f9aa3f6ef7f2215f19.jpg,37
cf395a5ade948ff8d4bc99fd1460a515010ce34f.jpg,2
02ba8f6545d4fa73de31ac2832f02dbae11f087e.jpg,36
e7d264aae292843200a5bcc53316d2f6bfd4f37d.jpg,2
862cab4b0898c7c7fabe64cd2b3b2fa45e18c1aa.jpg,24
89f5697d0ee646d9e5e5e48e4de8d2008831dfcd.jpg,21
732a3395dab0d83f5dc6acd2f83476dc9c61a29d.jpg,0
a78ae3adb03d0c7b70fa89aca7f0cc8786c1bfaf.jpg,26
f7c9566b9d04a0e6d3b4f1cde0c9cbf898552c25.jpg,33
039c5e3ff025fa09c654100809d0fc9576591792.jpg,26
b00496000087a5d242f2b870a0156fd981093df2.jpg,25
18950fbce4631601f4bd61f7fbc53c26985842aa.jpg,30
8547ed3b656e1d4cfd6bc7a7dd8b837f5751e9ee.jpg,12
f4b52d502526b2ffac90e374c23c491d30ea4eed.jpg,20
92c93a14f5a4e1fc5d1f7944eda5a50cb08cdc37.jpg,46
10a1845b931eca9bdd4c02f77d9de63c495bfba6.jpg,41
27d557c15be9d303474a2c69caabd2535b0d5351.jpg,44
49591dcd9bc38c9d3e9e402c6ede1303e4d7ee15.jpg,8
935d3f08d95b2ef95c8959bba9f1eaa4aa9a5f53.jpg,9
75c43620b569efc38a13f172ba05c3953439b7aa.jpg,33
48bb2d00d9bb7b3abc4f6f7a77ca65f566026762.jpg,17
60f8753caa021abc3b975ff6ff33b672702e2754.jpg,45
f89720e727de1ecf65bb46295b1c52b049cfe470.jpg,2
cf259f69e1c4a48aa9bcc10c81d0d97882beb86d.jpg,18
d4820d74b22ff12f0e614dd7bc71a55861d9bb3e.jpg,16
5fb4638dc9f2d50c7338ec7ad4bcad314b58b61c.jpg,20
394ca7aa45aef8d2e4ab3bc51775f61a67444520.jpg,9
78e2ad182ba0a83db83ade9502814c70b6615a33.jpg,25
3f448b27a9bd331c40a2ef9dc72fa86ad3cbd689.jpg,28
5df3abe07667ebe9fc735150350c254b9eebb2f5.jpg,16
8f96e90773a606d59491895dd6af4bf3c88e84e5.jpg,16
911994eff133372e9452f7007ea4fdd7c1ccf705.jpg,48
285ae91c54bed6c547d52d0cc9873602c6b09ddd.jpg,40
e81c7f7ac0658e25ea50436ba6dccbc60502af51.jpg,44
cff29452eb5b53b20d5c2b861d61b7045ff0f875.jpg,18
b226741d31b85c282cc8d824809938f0f114442a.jpg,30
a117831ec62be9f64af1e3551982a3625456b5e7.jpg,28
e8d88a4ce2d32a0474e6e69457b932d247b42ad4.jpg,39
441a596c14219844782f1ae7bd47f7eefbf2c39a.jpg,17
b885b3970f7ee286a21e95275685970cb3f97760.jpg,25
75574738aa8a51b267c9a17f0e72a753f718d2c1.jpg,15
a8e8f4f8404bf4b40ce5fd2365f7e4bdbf9a2275.jpg,3
5c35b2cd5a6987037119e63d49af813e5e9e9f4a.jpg,13
281e48690c17167430d7cf1293db0bf275503cdb.jpg,28
3821fc0b70b51c6fd530ba8a047410ceab4afa07.jpg,41
1237dcc6d62a13f83ed131edc8a7fa044f1303a8.jpg,7
7dfed18f49c50b4ab19a72e52a784b1c14744853.jpg,35
710143789ef9de760543cf1043d8910384c90246.jpg,41
7e022ceec51561f66a77639e23304332c44c48ce.jpg,2
80d8d5f16117e03e8d5b244910db960994e27cc1.jpg,13
8460863bf82b357b78a39aeecec6e9b886305c8e.jpg,34
7daae0f0b8e0c661e4921f07d5d7a9b5d816d410.jpg,42
7633bb68274c9f005ca50adb5fb1ab3772478238.jpg,39
8335019ac2b55ca86a7f02e50fea9933a684f8b5.jpg,11
53629f9104e4230f3694feb06b7938e93f0db73d.jpg,28
50934c5e838d002b43059d18fe20127ea19f5870.jpg,30
2aa7626a0fa54a8c94618dff4939f664a0325e62.jpg,7
3d746e77cf3a43faa56ab62e59e46b26df8005fb.jpg,1
a159fd9e204904043bdba9ddddd9358e97a5b703.jpg,12
75a3e81cda4d8550ab62ab0fed26f752b51b0138.jpg,46
923e6f83e8766f473d4deb58e61be6af8c5292b5.jpg,45
1bb795ed6d78086a3797fb0d6b9100ae561221d5.jpg,3
921a692adabcfa70f365e3f1b333a900d3e36e53.jpg,46
e753b656dc0fd76b3b03e24991501ee087b0466a.jpg,40
506b66d51e0f8d261f9aec9420ee89bf5f88d318.jpg,18
dc1e32cf56388441e59c88221686d61b0354695c.jpg,29
899cd8a58435c450421026549bd036a06bc74c81.jpg,30
e7124b3b7fee723911cc031265eea237c93d60d3.jpg,0
64c76af6e98a4dafdb0aa81b103fe1d794c86120.jpg,14
e72922925103ad40bf08f6d17578a1f720c286ba.jpg,8
cace2f77acd3a3b5c4035942ffaa7336d4851048.jpg,14
573fc7f93d419f784819586bc57e98ebcecb9a59.jpg,1
00f845b2054eab202a9edb145c6a6fb86b4c84cd.jpg,15
b6a960d9f84a45efdf8f69f01281cf877b20b721.jpg,28
255845d5ddfb997602ebed0008e061ab2540335e.jpg,22
9eba6ae5b9cbe3a9c6c9e694662cd0490c256370.jpg,17
2b553db025bf4788d6240e1edabe8a13d82f958c.jpg,6
e686b20082395d29af601d61a610fe080f75977f.jpg,8
939d4e937a97543254520a3d690101a018cddb96.jpg,18
17f3aac150d1cb043bb56485c5584b71995981e7.jpg,2
47876fc23c5f6dcf08e9efa54029081d1f649aeb.jpg,40
bea504e1f72a54403bac39490af3e92ebce8ceb4.jpg,38
83c27ba58fa2b7a38f4b5a87c1b183d399c0cb4f.jpg,5
448cb6935d5870bab29e698cc50177578a95159d.jpg,45
412fd5c688277bf6aa0f17d8667f8ea017131e4e.jpg,16
924d396af8d915f9849fa115c9a289cfe644a69a.jpg,49
0d3615a0bc7eaffbae8f0051b4b4a7ebbb7a658e.jpg,37
40ea8f3ffeac5b9451b2795ef14faf48274fa475.jpg,35
ef295cc70e2f5194b52d1150c04dfac878c7acd8.jpg,21
d282394707babc43f30076b3b5eb28977d55fb4a.jpg,1
583bb78749f0bd7baf77fc4cb718eff671496cd7.jpg,3
87c21d6e7dfb74e2ffa7310db0105d293c622125.jpg,19
f544883cb96e53e96725c868946288bb5b2ef646.jpg,30
15c1047f4d42211ed72c9a5c14e68442c8130e3c.jpg,0
1b4523760a42d8fb3b8d07c86832b8015941af1b.jpg,7
9faf8925581e5dfdd4f6aac7e4f66af57779d1c8.jpg,9
07165d00bdb2b4c0fac55399d27347cafaf128f0.jpg,22
07f2e962c34c821052c14e2d7489b4c18d1c9269.jpg,31
7ecae2081adfdf4c01c4cc803284a5f49dbbc551.jpg,6
d27fc9ecec5f0e11ee26097f07bbaf4def89a430.jpg,39
50e339c8a05c73d305b44f4abff61fe25a1ac957.jpg,1
1ae94546a26cdf71ce267ed7ceb69f46a9b51a7f.jpg,16
15983aee39ff246a7425180df1760ef0da0503f3.jpg,30
b242c38a5d6acf802e99f5dc2581520638d82264.jpg,10
33ad07f73545c9bea9f7f7f0716e3ec4c4666c58.jpg,5
05f7fcf5ee6c42d4905a8eaca0ff3ece1a0cde27.jpg,10
70ba477b10f81e87c471238d248cb96edc9372dd.jpg,25
f2abc6f5a44dae3b9445137200bca9cee1a02d83.jpg,28
5bc6e204eead7f4cff405f40a0d5610d89671259.jpg,6
1e9b1519a312c096cee4cf49ef21e64d6a8a7b5f.jpg,21
e6372ef3b490224a4429d9e934c5975da84ebc70.jpg,45
55ef7d95d5ff163c6d7f8f30bf5e7d22015278e0.jpg,17
ac76d24bdee8f4b3f1b99faf4cb93358403cac5c.jpg,29
5b2e187b92a389f2ecd2b19b3453b51af65c19cd.jpg,43
d04f34426b3a3509ab76db052a0ba475a24a4dbc.jpg,11
b664b9446c458407b4406ed101c6f8852d75fe1d.jpg,29
51ca24f1c740a81ef45120d3b70f0c319b227e0b.jpg,42
4ba67103b6a76ca192805c1007cd12ff0e43a804.jpg,43
f5d8ece797df10535f73b5a2e14af45928a6c790.jpg,4
4dc80d443de103ffa001f7badc0e68f7b2d1034a.jpg,0
02b4df8c10449206edad6db008602fd8cc380035.jpg,41
a625d1dbcdd02f2a3e360545cc2bdaf9f13f63d6.jpg,18
31375cb2ec4f466caeab5987b2c0bc46bd5b1c6a.jpg,48
16bd4b607b91194f2c98606a6362e42df5affd5c.jpg,27
d8e4276fb02a88bae3107737e9ae2a3e843c1f7d.jpg,15
c5c6a47396199068faa20b7b5e5f8bb846e1931f.jpg,8
54c4cfa6a2c5506e07a9e6aec22cfc9ba582afb2.jpg,12
204cba0d8e9c0d3fc3ebd88dfe949c9c000b61eb.jpg,35
e8bfe776404154d31aae0b9dc701275069f55599.jpg,38
40818d2601d58b42a0979022f343eca72b91f3de.jpg,5
7c493af9124648e23e5fcc53c24e9335ba45557d.jpg,46
2a63ea331154cdd4e3c4d96178f87ad1226e3df6.jpg,21
70a4068ba5bc9d8e2b2f4924ecdc54d73695644b.jpg,49
55d8fb85582470ef3b96d8fdb1c9d1253489cbec.jpg,49
7337fbaa300fa44dbe6405f985eee4bafd61aacd.jpg,3
20e932ee556231888a072be69ddc16f0845fe0cd.jpg,48
e634812d856d3c3bc94516d613cf1b4ea9c6704d.jpg,12
910a7036ab6f11484e81fd6873d23d5bc8df1b96.jpg,32
b6c97de8a6ae10f5e9b47f166c29e7c7f42b7e44.jpg,32
48b86db83ecbd5f5dd6cbb402c3f97347a3bcc1e.jpg,11
e99d0cfd0f8a176bcc4c210b603dcb5a52c1c3d7.jpg,48
311c7be44f3476a113ade4e7d5ea46a87ef83ba9.jpg,10
08e9c523c186b68a213251f08a3c60ff0617a5c1.jpg,36
08b8a6e14277067739d64f3b8fe978407bda671d.jpg,13
2d3092e7411163cba8c4c84c6cd3318e0c45a00f.jpg,10
e9241c3a17b938be704fce158ac5439e96b14d40.jpg,39
1ae41cbbec2b236136a590a53c2ddf38241ecb43.jpg,21
fd41a6c2697a55aacf158b315dee1613f25bdea9.jpg,33
2a1c8376993a02ee9b995ebd3f1f4641b4de83c5.jpg,15
ed70b915f24017eceebc9f78e2eaea7cf4240e3b.jpg,16
c0d0e278acbd252e30c158df8cdc23ee3a5932a6.jpg,2
a23a632e3a8f78fa601c3b5432f5780bf4ed192a.jpg,39
e44606f83d3c14bf87ab0ed7436a98ad4e091263.jpg,31
f34b86a0df8abd5ced4e9bdbad2919d57d47c1f4.jpg,49
4a190c7a3e53ef6abf25d21ee28d31034c7056b1.jpg,10
a3cabb8bfcc1d91029676578f7fc8c75e6dd24c8.jpg,43
827a96c8753614abf68e7bc8efe4143ed4973fbf.jpg,15
094d47df37624611f5483ede6e1440cf99287dba.jpg,1
07be199fe0c2a4f3c3e8133c73fc41fe382446d5.jpg,7
09646a4ee5f999c821d7b68327976fad958a1372.jpg,40
881491dc94538ba08e53fcb15ff2d4f86ddef868.jpg,49
0b71c034c90a4949789aa661a9f97e1d7cea019a.jpg,18
0a12d81528d68ada041ee7b03e85a2ab00aa9ab2.jpg,20
68cad8c203e5866e033e21d55df7271de8d965bb.jpg,39
30b4839231b35e6f44e0a6cb15a6996c2acc6e96.jpg,41
2b261383abf8e481a101b730c31425c39f37ad9c.jpg,23
12c984746419f798ed28ae96908a01a1d2889f4b.jpg,14
0dde4030d0412a46a5781c51836875ea3edbcbcb.jpg,3
3810f2fac1d2e1fe8164a82f36b2efe0a5cd93b5.jpg,38
57d253028dba1c11ff6fc888a02655c8e23b3af8.jpg,1
6d54eb7fd7997fcead3fae0bb4c21f986af8242a.jpg,12
86830eb50e66d49d270a7b76a5be1dcf7ad5a06b.jpg,0
399951d7021db0a73cdf6acf9b4c8e9097231875.jpg,6
631a708f60677f563f4722eb302c3f94d50411af.jpg,26
701ea6b3fabcae9dd7df8603b40b810da6a6f2c6.jpg,35
e464119245fee3907ab3e959373938f7ec028d6b.jpg,39
6c2d258cdb2acf3415638c80be4d2d06f1b194ee.jpg,45
6e927a4c9d4cb5fc73d553e0939d27a9452c4056.jpg,31
f847665b400e6c59fd22d65126b2175c17950a71.jpg,24
68c986af7942e164cfce1c073992c4390bc7d212.jpg,21
68f28ac6ba0d7f4ce72578304a4f5dc1405a1412.jpg,38
2fcd289902169d17d9a42dfe31049819793b0bf4.jpg,35
d045fac5425384465a85a32c41087425c6dd258a.jpg,18
748aff8d9a7ada8272aaeb745fe4e1002af5755d.jpg,21
188b92edf3033379db4dd6dc7108441444b95944.jpg,39
6052ef1d255b56a2692a222df7d5af37e1290605.jpg,39
7ea36098b6ea3aecc16dd4856e2feeddfe4c86d6.jpg,24
d3997442ce443b03c16f09efda6fd3da9819c6f2.jpg,25
162a5bbeb919b81b0ca3407b00744b72f0dec76d.jpg,21
35a6ebf3c4fb0c5c5e389d953db2d7bfb1e4ab20.jpg,43
d8cc0b4939608b51d57acad21661f8d52c105238.jpg,26
8ef4f2f9eeb203760c36f11dc18ca683a66f8973.jpg,8
3d1474ef42e897705659b41819942fda67266479.jpg,16
31e16011ffb1c8524a06563f1f1ec8c35cff1118.jpg,9
1ce8450af6a7a476975e914ba341fa35a02c50d1.jpg,12
890d5eb57cc522fa0413d5431e1ea654a8e2c270.jpg,25
850bebef32636013846266b474c56df2a769ac5f.jpg,32
7bd5a6b40b322376096ed2c5b3f3494c382c0577.jpg,27
3641211ba6b9ef5c71c01e97843be28b000d8e0e.jpg,19
2081155360e3712e6dbe030b8be88478081e96ad.jpg,45
ad7d311edd6727e1328f92f3467a2a4b7ebbd3cc.jpg,11
27b697c5966eb6b1f6ba6a07c49837732f8bf136.jpg,36
fa68082fdd103151c93fa7269791a07e45b2ac46.jpg,21
57ca0a3019df17befd25122db77190bf03822610.jpg,2
8a3ee07eb786ada8c9fd8f291c583a09d437b541.jpg,15
706e5b399dca788434da6aaa77880f55aa6e43fd.jpg,47
e02a6d447b7bf79284ce4f75a0767f8d6aa7d5e2.jpg,13
cea54eadaeb6129e5db7f2d55c4336374b157889.jpg,19
c31346ac0f863f783ffa1ee3ba55e501513fbafe.jpg,22
e4266d3577a218a6d2888076698abc8a4216e930.jpg,33
908ba8eca7a63bfcbd95689f71e4bccc7f094e8d.jpg,5
6591fdca6d84db55888bf789ca700d4d995e379d.jpg,34
6611dbdd78e4e10f1584eea33b7c5d8de40b2a00.jpg,19
2416aa41628bb5e3eaa1b4be67e2f380bf12de47.jpg,19
2420a712c2b011ff7769832628fcc769f834f845.jpg,24
bf62f1c6425a6312c5c8f4716b62d0b5b33c7b96.jpg,19
a7ae35b98a888b6fa454a0aa2b55c1dc74aafeae.jpg,33
4cb0a0980a4c51b74a3015e5f460ba89fee3fce4.jpg,41
447569c3e1c10e9fb02d082e285b55b4cc713abb.jpg,10
3686717d8cb34db6cf91f781fbcfe47b2d287551.jpg,41
ddbe21957aa9c8f87ec349c7b16a78c5693eee7c.jpg,18
9c27322b2eb0ae7166ff6525d73da8e2494138ae.jpg,36
2d52d7b513c6dfe97bc08ec71439e54bbd2e5c29.jpg,29
f54f52de3f5fe7661cc98b18f9b06b7cb3be500a.jpg,15
3dd56175ed2229cea885ec45ab3216a924e7f642.jpg,18
047353360e78d77457878b7332e4b5ea1b25e74b.jpg,24
f8bc3adbc57d55b023cdd941d72414450c70839e.jpg,24
442fb3d86f9e255e51430730292b1b30b57592dd.jpg,35
0636028e6f50b154ec32061403450663636ae391.jpg,36
15e6c43b8dc864ff0c47db1baf1dff25c5210742.jpg,26
830cdb5e01b7f56f311b666d70ec35da57f793dd.jpg,37
756592969d740b4e6536c74315b7e61796e0df34.jpg,4
ab1c7698e6a131dccaadfc6185e3275c2317d34c.jpg,8
57fb34d4ed31d515ecfc5647ca2bb20365599ba2.jpg,39
c9750386c9afd23524c9759102ed280dd7177275.jpg,39
db2c852a881c60bca92005c1cebc07c67e11bba5.jpg,8
34e927e4ed4c0cc4108bef16aa9c3ca5a99fbd77.jpg,18
0ff8663733c6b326df6380183a5df9251cb42d59.jpg,49
541cf3e40d7ea666dd08b06907a80d5bd43b6dee.jpg,7
8ec5700b6d793d22017fb3dfd26beac5a400d3aa.jpg,14
f0e1fce7f9c9d88c23004c9d5c4af592bd01d70e.jpg,11
b649e1f702b9d1081dc41be9b7eb2c70a977dcd5.jpg,6
3e8f2a98ab1049a10ab195158eac14ac12eb0b71.jpg,26
9cc1370f810b5a7ade18d804e25c86e289b252ee.jpg,35
60c13028b8e89af01114867c16137fc7a0c899bb.jpg,49
8943ad1e6bf50ee1f86d9e77ce3ef06817653ded.jpg,19
47966486cb82a36eb8eef11f45821da888066e83.jpg,30
de40811d4315aa716221f45543b11cb695ab6548.jpg,39
8b74306e88dedd486a05870cbde578252e8a4f66.jpg,11
e1a321344990d74a4fd6fc6c67c57b2524eeb4e4.jpg,32
1da1d072eeeeca4980025b4aebaae2f84c4cd6fa.jpg,42
79506328e659327b4374db096e4937c7a100499a.jpg,31
946fbcdf679be84737ff31beece95ca823d0059c.jpg,22
5b8224ad249770592a2f6ca4e548f765313edec4.jpg,35
c7439a657e8e9b7ce876d9eec8fee1455d4052e4.jpg,5
cb75de2562673c546d4c6b45a4962494714b06d9.jpg,12
16ec5df074dad9bf5d912a8d8b13abf9b5abe127.jpg,13
88ca66cea6d300aa5f1faa99ccb1ecfd94f00f30.jpg,8
80b22f717d88309415dfc720dc46b68cd1bb2e56.jpg,49
7b322aff4bbd1aeb19f87ceaf8031b08f4ec77dc.jpg,10
096db713cf13728c7c1e54717d9e9e99e577a16b.jpg,0
3a8a8cbb1526eb3b153a69d8affbc55d07ad1fd9.jpg,30
635c5a96acedc4734a477b5d0dcd0fb5852fd33b.jpg,23
d57126ffcb3ffa4abb0d5bdbea26bb8d63e578d3.jpg,46
ea196108532763eeae14a3b78097db9f7252c7c9.jpg,29
63ce7d608c55059d646ff5456e6b5dd0e05d001f.jpg,34
d41f9f2af4ce853a87b538491246396d4a592efc.jpg,48
447551ad82472f1f227ec91689f93d7346640ac3.jpg,45
69d2f80e66ea0c206a6f751c4d1090a9b3b21078.jpg,41
99518634ed7cbae5bc23f15681b5016998780a14.jpg,12
93e277e24b988ff9cd54015286d92ec05e5cf4aa.jpg,29
68c9a4ca0ea3edcb52af4b712d823ff1a34e8a36.jpg,24
8ed4c03e64e1245c9f64237bd3463fd7b546d52c.jpg,23
af37e7735c7ad1d576a6916a822375eefbeb9ce1.jpg,27
4a10c9ec9ab05045761c05c8d97c7ecc04466d55.jpg,0
3c3763c949d4442f9b0f25b255829d3d12a755dc.jpg,38
6b9108e499b1fd2d57f44a8717082517508c412f.jpg,35
5691f76841754fb6a31afa85f4ef0f98d588e043.jpg,9
1f662a25f24b0843e1a12210a63e6e0d7aaff30c.jpg,48
3407a317481a0eecc951b905fb6177dcd00cc9c6.jpg,4
4290737a8c85c5be780a5a3b12c98b7ffa735276.jpg,20
83f3ae5d193488353ca54c78bbaf78c83ac00db7.jpg,12
40a0f82cbf3edeb4e9bab99bfe031cd3f5461c7e.jpg,7
7628b4c8d867c0a9f61dbf466493516e5c775b95.jpg,2
d68840ea6ffaa2b460d8f979087e29ea2dad6cc9.jpg,21
c23ba8eb90bd0225e7f07cc99d3034b99040a0b2.jpg,40
fe256f418deea29dae5862818ca9556d7b1cd6f8.jpg,22
2d94862f5a6f0c9066a6d8dfb7715ac4ee4b435e.jpg,40
02ea42b20c955a3f2f4043d404686b2dc284dbe0.jpg,49
60043f754d225e52d42c0bcb8cbedc0df7b5d090.jpg,38
04c87af378b39a40b865a9073516e03679200481.jpg,35
7d40da539031a060ed1bf932e557617909a956a6.jpg,15
55d856e797b68dbe8b00dbd382200b4c52f45e73.jpg,29
3595c1454830301bc004ceae640fbb08f929212e.jpg,36
359fab829ab4caaa966ded8f624dfbc36cd0e52e.jpg,28
cc1eab5cd948862b4fa74e1757eb5667108fbf68.jpg,6
92e6b1f36f51359b361f60e5a046f3aee2034846.jpg,30
08e6427e5172958a813663d7d7ad18acbe6bae01.jpg,33
eb72a2b24658d0e6803ea0468797d3f8a3f5aab9.jpg,48
64b05f751cad7670cb4e9d49a9027503189196b6.jpg,40
6d7f75e2c62369e4bd4efed3fa25df96eabd6c38.jpg,18
2260b08580681b346425f02a214da3a0fd4b12d6.jpg,23
84ce02a2e1a6d0988feb21c8b3150c4c29483e9e.jpg,25
21b6cfe9f7dceb56ae844c040029583427481cc6.jpg,23
58dec77efc91a428db4584d87be1abaa6e52dafc.jpg,6
323fe357b73dc39c0fe9d739107d7b2e6f5b291b.jpg,41
9381357b4fee64e15062b2ddedd75635a85953aa.jpg,12
63d450793ef2d1be368e816759c01bdb94ea3afe.jpg,25
d70e20fdfa33f03754053ee89791a1346538038f.jpg,20
71ac3ef53d291ab988f5ed8d6882e18b096fc975.jpg,44
36a329d5506f73178d6f41aabb55744a8955dbd2.jpg,9
c52366136ae6da0a78001a2b273c5b3ab8cd0f30.jpg,44
9ae11626e9062e3daf260b218ec2558aae9a1920.jpg,3
c6cd5e01b0389fdb23f34129f0cb0b53113c0361.jpg,4
b6f56295802b999fa2a047ed84ad5fab641f5478.jpg,48
a19e2db2a29d3c5d0d9eefc930e7b82926be68a4.jpg,4
263a57cc4862314837ffdcf7f44241ea6c1cb513.jpg,17
cc4e55ecd606848669c41f22e893e60849fc714f.jpg,44
c1880ec3cdf84d093dbac1b7b0fdd19e72c8eaa4.jpg,38
509e9699c8ff88afb6fde629a9c471283ecef188.jpg,28
5a3b63ef058ed265364e8fc4a82beb5926c76e56.jpg,17
bb0d69d7e784fceee66bfca894bc46bcf50a6ac6.jpg,49
39699083a38aa87a3a50474a07411a6d361f6752.jpg,26
50423eea168007a89deb3b903c091da2c6369dd3.jpg,4
3b99a16b7f6437eff73d7d52ff99c06ffdadae00.jpg,1
82fa1ce5a6c6cd904f294042c52e7a219b720109.jpg,10
b26b600d8a2117dd1772d1459c5f7d738af83adf.jpg,13
b1fc650f90aaf866bfe4accce9f5c6ff2df8eac2.jpg,29
3e22ef20a9c31c5e1902ae4154994abd966e0ed0.jpg,41
3e3a674cfaf554c5a583a09fef0cab9c086fe391.jpg,35
8613da252119e1e1a3157a7503a383d3dbd62c5d.jpg,10
f9af716f95c975366a72a67f7739ccf3791737f8.jpg,10
e134afe4a82c51939f91e73283ae25c3445e403a.jpg,41
d8c3d45f9a6696c7cc619a8e208b08ff99d9a4be.jpg,45
39ce41261469c3159f5908e61c6c86c85994bce4.jpg,20
2d81839d73797ce45a5e852132dfe0ba892a0e06.jpg,42
52d9e66cf6307ebcc6b7ed4c065c6ed42c6bcd75.jpg,41
d223ed9c8cb80c73c3a365454f0ea2be4198351c.jpg,10
3e62f524f705e17c62331ccac201ce316c167313.jpg,17
f2161a4365218774a8140fc9e3793b8017a1d28f.jpg,14
46cef31e7a9c30a54ceee48a4393f8e6ae72278e.jpg,22
59f86dc100e9e02b5d0e0e6c660fc20ae0611526.jpg,12
c0e692d7e95a1a3525374effa141a313e658c0c1.jpg,2
f2b22f8360be374085d913050486b05553cd9c41.jpg,7
16f7d1ff17555f40381fbf8746b4d7f0c1246237.jpg,47
571c5913978b02e7ccad6a6ba9bdcf810f1c32bc.jpg,29
2b5cca7fdb1d02460530c89e1fda2968c9d237cb.jpg,47
84b5aa94b50f57b1151beca083314498c575ba3e.jpg,36
63987adb5af328e06474b68ba363058f51e10144.jpg,32
e38361ceb901baf5d82511c8bea4e369e093ac44.jpg,44
d3ea120f7ca1842b218cbc16068e702de66b392e.jpg,38
0940fc41a1b9e48ed66c742b4cfaa6f6e452895f.jpg,24
96371b0a65a7ec76c5cd97241fc8073145a40afa.jpg,42
40e3f0318bf460857e134bf1b08e6de9bc43ba24.jpg,29
1353d5600387e400df9ee8a1e3afd9c37853e62b.jpg,17
8dce30b504d4a6a6567f11ad0ecddab12d81bd7f.jpg,38
390b8bb6b6a931495768dbaf98bc3c7e5620b49a.jpg,27
f10d312d4c2e528231267b78de7305ed5792b76e.jpg,37
a0ae311cb690884e13c9234f784a88684f2e13f8.jpg,41
5829db2f980ff46bc0bc992877d6c89bc83412f2.jpg,45
5b41046c2d09d18b9e54df4a8f70443e1ded613d.jpg,23
39cb651b3186ba13e1a9a5c3cab4aacd0c0af5fc.jpg,28
ece994a536ea0eb4293276408e55bb3fdb8bd067.jpg,18
704cd52f8a6d8e2a7698dfc70929bfdff81909bf.jpg,24
68a7a5350c1cfc3220371088c8524169ecc52ecc.jpg,13
90188dbc487e9d405592741c513a895b177513c3.jpg,9
47356369ad0014f36e2db5891cfa8152f8ff3e08.jpg,27
d561ffe61cdbb5d297207944f37c260729ac113a.jpg,5
934e2fac364f44b332bd3159bb15a31444d26955.jpg,14
f90828eccf069387eb2bcfdccfc7272e8c2910a0.jpg,47
a65d6865a4783dd744e479dd200e2b6b1913abc8.jpg,40
3079ec810c9931f3877b1676e5af1a6efe36876c.jpg,6
2eaa4ae28ed2a795b1fd8a7d0cd8715c5c3e113a.jpg,24
2d4702d0778c103eaa297634d353006b251f791b.jpg,9
6b586515ea8e3fcb8ee61445f8fda0ddf7c10ab5.jpg,24
dbf087474fd01b32ab6492f8925b26d9ad639002.jpg,13
7cbcacb5b68b24b8a77cd7e9c52bdea379fd2750.jpg,23
76509e920dd5d60fb65a3d593c2a63f80e13efd6.jpg,43
2c4a0d49e236005dee33b071f3d443b17120d5ce.jpg,0
3a73aec354d13f5bdb8465d42ee4ac3bdb4a68dd.jpg,43
03001956e754c1ce79d30af743ab44eb376ba356.jpg,11
599c1703cb26230cc5a892b628bb477d0632ad44.jpg,37
85cfc8c32f5bdca38bbf8e4b33dc9ec0ca3e3c43.jpg,45
d2e31594b71dfb8fe08056d6d8ca8bac1cc12eb7.jpg,36
d73713c4676298937828e996cc085181b3297014.jpg,20
066ea02c9075612839ed8a7f44c45c59bbaad462.jpg,5
180d38b45fbecdddc7e23bc0a028cb6eae635cc4.jpg,20
1f045b9db1904170eeb53326d507f3f86c7ae1c3.jpg,3
099040d6b3b2c0f925cdf78be0ddc0a7c85af8af.jpg,8
df0f0a0da39d002af4c34b75835dc8bdb3fc73d3.jpg,30
a2e649f0943224c0860074fe169110ecae6cdd2b.jpg,11
faa943fcb341358ea0bdb8f7adf7b51a92e95ff7.jpg,38
279bd43828415a88940b5217dc112e265c4601cb.jpg,36
69af6d1918c1a1f49cb7345eb29a82e5176e00cf.jpg,18
f399e8607b2b84319cc18df314963dbb073ffd81.jpg,36
2b76fccf7cc6d8e8a7f845d8075e7fcc250f7618.jpg,0
cf5851e7f87054437a39f74b843480c951fc387b.jpg,42
fede9733c04332ed3925746d9ab95daa0bd66570.jpg,45
3ebb6dbb03fc85670a8c9ce97077fa901ac4a506.jpg,12
318feb8956d29b0e065a7e209ed95e82bf50d2a1.jpg,24
310bc030350c0d9e9e7eb17a8be7e626a3438181.jpg,28
190db4d1803d1887fc7285f108b6975b8a61f515.jpg,38
f34b16d14783f6c8dcec26f53a9a038977ee9669.jpg,5
20601e48125fd1d4436160f10ca638bd1a0a112a.jpg,5
e9eb048b270bc35fcdbad17b92b29b09e1234644.jpg,35
1b4198249c7bbaa9be9a651fd8f9544ce1546469.jpg,21
bd518fbcf0f6ff76408b0f47e6b65bca09cce0ee.jpg,28
262ea62b6780601d07de2b5d5813eae97060d979.jpg,31
0cdd21f1913f0f87b8c0941d27bd737ba3fe0b6d.jpg,7
763c099be3b81e91ae82ff585831a2e604f78f7f.jpg,2
3791b22cc289158d4f5d3c5f76743bf496519019.jpg,21
773883d5da7633298d1c03645e14e5ce03fd29da.jpg,34
beffafca57c095b5896eb178ff760e4d2397a4a8.jpg,44
9344ae3bf3ddb209d269613101669573a8ee020d.jpg,33
1db284a1d0e90329f6a1cc9a495eb048d05dd169.jpg,9
5bcdeaf7b138af6ae6ba41791985f84e293ee461.jpg,48
69caf374a2377572ceb01b379eba02c05de2bb33.jpg,40
926ed47b0adeab16852ce384316fbfc37f5b4934.jpg,9
910cd4af00024e507ec654d2fba087fb358597a4.jpg,12
95b14df2a1c565d643bdedf3315492f00d98dada.jpg,32
14fd0c83521352925785f29f3fd7f6db3bc9b19b.jpg,36
a4f0255ff460f433ece7c436a63aee55df31d89b.jpg,29
4a3b4d51396bf16a5d4ccee38e9b78a2e05b2baf.jpg,21
5e28f9257aa5a16c397395f57835016a219a8edd.jpg,38
381614cc8c9c3a50e96e5cd2400d768af923c5fb.jpg,43
c6a96276b96ea50f1e6f0eecd1e607313e9612ea.jpg,17
649f8312a0b8fc9b02a4cdd98178b5a5a6371fbc.jpg,26
b4cf3320a6e7ff9715370cd503911aa2b8ca0a39.jpg,10
2c65cbb4a80bb74cd4741df392c1156beb4bf1b0.jpg,9
241866c8c4f4fd5f10564c49f75fc366fe5ad4aa.jpg,38
1277b105619a52ef2af7de7798e3c766bcd08bbe.jpg,23
4e7c0097c4fbde1754d591d54b649e47c5b37781.jpg,32
1193447311015b904c4dea72cc81acc7ef11104e.jpg,3
cb5e3d14b02f1f42b30f955bd56d38e7b5c5ddc9.jpg,40
3e9a12a398299b08763d5d5582fe215de196d0bd.jpg,6
7e16258d1ee589a84c6280e30d042bff004e56df.jpg,45
16354a108d9d8fc771ec0295cce7f1db0168d751.jpg,28
3a8d44b9b68c5d43cc151cce8e94e19653bf928e.jpg,26
d4dfeb72b67b7da1852be09368af6230e7c807c6.jpg,23
6604165244a71dd41c76b61f7d3c06b95033c5f0.jpg,1
fd59ce50d01faa9c1a4b18d0ae86b5cf302d2d53.jpg,49
0955ba15ea0a78dee90b9d320d21735c0595d077.jpg,40
b9d7694864ad2459c2b0904d2017909b43fcaba3.jpg,22
f6531a0b7458c43011a7661c591e3ed9a70272dc.jpg,17
bf805c9f53c4503ce5ef12cb0cac023ec28d3320.jpg,18
a5b7e507c33e650388465aeecbadc71e689417c6.jpg,34
db994e1405f022f7f18a594e31de853048531b8c.jpg,31
f3d29b97fbcbc29ce4ea38e2e942f24c6c7c66b7.jpg,38
159885ec5f8b2e871afccaef866460659f3f2ada.jpg,6
682e16497ac3e8c46aade79183097ef1d1d0faef.jpg,15
b333f5a65a39f6aca2ec560c4c00bf9dc3291d0d.jpg,38
8e49a54925d1629fb0da8c0598303520ea274e04.jpg,44
91d515d3bda864fd2d0b17c45bfb42ed098c2a01.jpg,24
6a48a60ee0ccf2e6f2ce3c28135e05196785e9e5.jpg,21
0d63860e165cd16b5e4fc479f27d1a8281cfbe77.jpg,31
1125d3e8fb790c3262739f432a5ca923e8f63b7e.jpg,19
16e44eb4e9d676f8cad8d6dc56779f83fd410def.jpg,42
480ab7a68166c9e5573e91c42d3e6dbd5ad71a14.jpg,33
d130aa9e4a95c3b9eed4b682e70666359ffc5870.jpg,10
f2b31216e9e2826e56004c71fa6785ba99bed64f.jpg,31
f400dbd4b30d7102cd8b13ee9b1d9cd77d2599ab.jpg,39
b309c4d3e203c6c40080f2904ea24dc45b00fde3.jpg,42
bdf215922cb1712a05e143c21838b9b5a5b6a02c.jpg,35
733c255b1a6eeba1feadcc4fabc48bce33763613.jpg,43
bae12c71c34c94da1b7d6dc09d904188afa78122.jpg,12
2d320c4d64ba206122708f0a6f6bd4d44969847e.jpg,19
b8bd36191469300cd14e78eb3cea2023de74aabf.jpg,3
d80397ca26958bef5c666f2fe8da1058ea46c8e6.jpg,17
f843c06203db14e312788b076d4ae6fb1328437f.jpg,4
dd87843014658c8f64d30397d63d3f77804ace80.jpg,3
3aafcd0eef85594cfe81ccd4f2830d087c4a9e0e.jpg,8
31913db7613f50c9d1d4770952a3481044257a97.jpg,19
cf7767a085e31cde54c34d2938014a948b7081bc.jpg,48
bb34fac02f810b292ff53a791826a80312871a7d.jpg,7
307a3ba2b1713a41a755a2983f03dc231759bff8.jpg,31
ccfa05d3e4a455f329a9c112b83d08bfc117a2fd.jpg,2
c517aa4d034ca772a4d204a1118929b69b07f0aa.jpg,30
0d1baeed6ca7b958ae40cba0d9ab2ba629ec2656.jpg,35
437f1feb954d2b3a268446bd22b4c47a8867d2ef.jpg,14
2ce3de73a13d23daeb3cb8f36c2b321049928f62.jpg,5
ba1a8f1980d6f6f2bb786707447fbacd7542f9f7.jpg,11
c423cbaa73166aae76c6cc628e71a0332e78edc3.jpg,11
0a7dae3ecd163104c7e0febbf18d719124865fc8.jpg,48
aba31bcff0ba0d4c498280851464ee4e185d3fe6.jpg,44
d801f32e2ac99a037b5a2e44a55c105eb58de3a1.jpg,28
3d24d7904ef34c44250661921ca70fd5bf8c73d3.jpg,7
f9727b8f92e0cf80084f1eacc9a0cb39dd6e9acb.jpg,2
20af484168c2e2a17d41195d1311d2cd11be8723.jpg,13
e19788bd8cffcb75f4cf057511f68c368e68353c.jpg,37
8dff8c892a511d56d1adf3bdbfcc342e5a2c89ca.jpg,4
84ac23bb46d6e9fe52b2c97cc0112a585c9c7563.jpg,0
eca4cede2ca0bf65efd61d9082c1422eb72b618e.jpg,5
49435d83b816e14f27af1a5c35638067ca4a30bb.jpg,27
08076f4c1a9e4ea8081ad75d737ecc4c906bed88.jpg,37
299bf41b3e2f7804822d0b39c8ea2de3b3ff2d38.jpg,29
4731841497cf821a32633422d4c60aaab23a3356.jpg,18
e519430485054e95472676e0f8201698d3f3effe.jpg,46
35e1806310b4d0f3df33fba97acb90d1ac028292.jpg,31
abd09e36020e62d53676f81fa2ce8209063ee0bc.jpg,0
8354300535806ae2d25821bfb25f851b5d4bc25c.jpg,6
7e59ea2301ddfcdd58678fe26be50ef7c16f6264.jpg,3
7727dc454d0d98e314e085284c964522cadc1121.jpg,20
2cc65b46f2a08e1078e5f1372f3442f8dbf2a243.jpg,46
fff9d81ea1b8471615d90a4dba7ca56a7bf4ee09.jpg,0
7cc6054d77e165a59de9ff1ce9a257796d90cd7b.jpg,4
93d03d778eb6525087d6f67ac4670ee8276aa04c.jpg,19
05072cf4dce9892c32f1692ec499de46db895ed7.jpg,12
011c5f4e549175049b748263d4193e80990b0bc0.jpg,26
17ffb038893a3cce19af98a9a8087c9cf3951062.jpg,18
d8c5bfef8b583a9f2abcaa97b8be590ab804c6f0.jpg,4
928d6dda017b7918b6e31efc9b6a0adbc202fd44.jpg,0
53db45aa76572a155ab52b08039dcb41b833d854.jpg,13
22b2abc26065175759133791edf76b496885779c.jpg,39
535041146c7c87adff284ea7bac6fdf18df44749.jpg,48
7932d67f16de4ae3a259c1bcd42b94fc11506544.jpg,14
dd9a9d51c4b653878e0dfc9e927d14499e8e361b.jpg,31
0413491623c426d9e1a0b7f11b10275b3654bd02.jpg,26
e6aa4befe91457459344031b9697e8836be2a6aa.jpg,39
4febf45d87651e845381aeaa86504b9590ee5b0e.jpg,14
2d8618f591a85cdce1ae0afb7f30bc59fd94b677.jpg,22
13412a4675166f207e277fd34e833046987c0acf.jpg,22
35f0b1a83ae648bdfb8fd53dc788b26a07acec67.jpg,20
a6ea24c275027da47e160e2082c87516f300acc2.jpg,37
61ddb4507aefc95117bc2e34e7add44c95dbcd5d.jpg,32
deb1ceedd046d1b0b77349facdb9abd2304df031.jpg,15
dd88b9e0fade7a9998712a565d03a4356ee5d1ea.jpg,22
02edf219c694bee6f425169a04c8a2d91f5641ca.jpg,22
36829e98671286243fb3525ea07c13efceed2770.jpg,10
850cb59d3392830e55b4eb2e4479aca34bd6199e.jpg,49
ddd64b0f8b9b6a62cafb034855eff1aaa7dc6f12.jpg,30
bd1ad02d6af1e854532ddc76a500b426a00ecde5.jpg,13
6e207372e4c45e3203d43ede96cccc3cdd93bceb.jpg,30
25c76882d4a7d2b55929118909f2949594aa0d19.jpg,33
6f45763a7b5c2bfc086fdf4b7f342f5292b898f1.jpg,6
e033fd83e6ebc81763730fcffde5e93baa60d568.jpg,24
cde4947c353e7aa8edb1c87f5250216583eaf50a.jpg,37
d1f04520b7eb2191980ee13e55741f8c236564ab.jpg,4
b66f7774724fdfbadca776b61c07b96e9b648b75.jpg,26
93e2807d8a32f24bf5a34fa00ec6a09622744eed.jpg,15
0892963c2c0e3b637fe567b95a478ddc6de939dd.jpg,12
ccb3d2ae750eeba63ffa7cd45c1cdf401a48715c.jpg,17
1f85770ca4b15e3a74883b92af830310a477c9be.jpg,20
2974ba5fb9fb6dedb61ffaac65582f68ffd97783.jpg,35
d30e8f081c088fe8634bd49564214136c0968edf.jpg,34
b5c658b93c7c6feb6397f2346c0a17ee10f4f6ad.jpg,29
b16be196937d5ee7682b6c21248b61d3fc885a55.jpg,15
aa6141a562013a6d130840c82f351ff129389a71.jpg,30
06055a23ecc3b88ffb7ea2d376b4e21e3b64df9b.jpg,2
e8bffce3ad613e369eed301002cd4c7a194753b5.jpg,29
832ea7fb112ba89feb13f00ea2c76f242411e204.jpg,13
9b43c26d00a145c855b053d9191f58c4fe699b59.jpg,38
12394ff23e59d262245899dbd214d96e58eeb12b.jpg,26
e18c2eea8ae02b2b36899a2a0d655ccc4a0d679d.jpg,29
fa593353b50f9db1ab1fdb4b0485a90468a88684.jpg,44
fc71f31d472dcf1185eeecc3c5024766fad16a48.jpg,38
cabfd316c35b44b9a3c55ea4b19a8bb70b97288b.jpg,23
0d513305d7130f6ac307c6f8826fd88ec24ddb81.jpg,39
e8e637b6be41fe56735528c638a66cd20d985fa9.jpg,34
425503e5cc7bfd0fae6ddb2933398e8491e42ad3.jpg,35
b15f7d37186d3d92c90c99f6f6efa3ff88a31dc1.jpg,36
6aa1429444648015a5cc7764aa11f0437fa76eb8.jpg,26
aac2e97563ab952c2a2b46380dabc48d48c82e08.jpg,40
75622d95a55e4a1b67fa0fbad62f76dca3a2eae0.jpg,31
3563cdbfbe4327498c288b9d76d54b4f24e2efb3.jpg,29
353fead18c0c4602babca6ba8f3e871c92ed52c4.jpg,15
89de47857260a737727f8b306e2b616d0d979025.jpg,19
9bac6999f3b23c02f9314e6ba90dd00f7ca12a72.jpg,20
69b4604d22fe242ba2917d17262f7ad44967db5f.jpg,38
bd4845d4ccaba585f3c147849b434bf8ae3999da.jpg,10
fed6e4810773a891194853b115501aec8b9c53a5.jpg,37
213a03fe2cac142c210d0664d0c01c7a1974ad33.jpg,26
d70010c1af688d746c696a3dc7f06351fd16bb54.jpg,20
9e5928ed77d1f3996c63dc25fd7d75b10463399e.jpg,29
3482e907c558154a7d7729de070538690044ef51.jpg,6
5956b63d2385392df537a9dd35a6a2f51d10a3da.jpg,31
00cee76bb1818defebd3ceac3dccc72032456c54.jpg,39
a29da86d628b1dfa6faf8f93479e6c6b5e748409.jpg,48
3ad8216569946fae093a2d48c87bda2362cd53dd.jpg,31
4224f0bb1b86025e54a0d6aabe3d19658bf60f79.jpg,46
27db1d78102ea828b81a641d00f932ac0f4acd49.jpg,2
104b310612075e878d76cfc819d94a5fdcc4d302.jpg,32
0102c42aefdd233272cd1eeda1b6f4e496d2cf15.jpg,14
eb2b0325d9833e1dd927f8cb008cf98bfb324c2f.jpg,4
2e9c9938ad4647c0eb2fc41c0babaab528216d61.jpg,43
8b9e09603dfe5898f5b4ec33d4ab23d1d7d00a4a.jpg,23
2ecf7f88757825c74509fc39dc31ddb1d7519722.jpg,45
37dd8a4f99856d1a32ecb6827c86360338498782.jpg,40
9b81bcae4f1e00253449c94253d58dc0b1388560.jpg,11
5c528fcb9910400dc1e512c5f4a267f75c014af3.jpg,31
ba3fe123c0f2afd335de9d9b2ea1f271b005e5ae.jpg,2
acc472a17a3c3aa5844e6cef91b83b42d2d8490b.jpg,8
5e7bc726ab83794716a251120f4239bb594296b4.jpg,15
9e0573afdeee55149a54bdd2daec04291435e8c7.jpg,24
70874380a0e8ae1985bee430315cdd4319364f98.jpg,30
a410f47be3caaa5c3ead65fb388b2df0362582e4.jpg,11
ac931d0fb026566fab779daf5b98dbcb0c712771.jpg,15
139a598cf8e822847b188a37112bc1613487fc0e.jpg,6
6b274c4e46e5fa47d6377de6769fbc520c48953a.jpg,41
01d683bac2fecd4e080000ee9498418176fd01b4.jpg,46
fb0efa181299969082d282d81e1d03affc816234.jpg,21
508055b0f56b0dd1ff9a9243e65bb3640b5d7cff.jpg,26
636953c3c91fe82d79b01dfa098510f3958233f1.jpg,1
ef540d47e64f68e81bcf91ba6aa09952115c2b1c.jpg,7
f3468f9b5e269a5613ce32f78c851211f722ad54.jpg,10
135963edd8d3397eaca456d1b16da56f59cad3be.jpg,20
6724c1fdc5ca774eec71e275c2d0510d8e7c1de8.jpg,42
5439651715bda3a6af16b8d0093e9b1e762d2911.jpg,29
7ff9cb05f89c3acd713101344d410e9f0404aada.jpg,40
9cfd5341505c77f208108fb6aae534b5d41f3689.jpg,12
4e384edbf52e036780b3957341039c936a38130b.jpg,12
d3b5557ad0a10b49eea2196ad243c10139c52478.jpg,0
5b58afe63c746db729568e725a0a73399142a82b.jpg,11
fb2ff39b1198d59e1eb40d581d9b33f577f10a06.jpg,49
0fdb75834df853b679afb0815ed01cb8f91736a5.jpg,34
484e40c40de882ff7e3bc1a3846dfad47520eaf5.jpg,2
567368ab5f783f4294f7cca3347a62d43bbf6357.jpg,48
836377b648c0a8145ba407f6823402ea3cd678d6.jpg,29
99bf9a9a4170f63efbdc3f7bc2fd6531c87cfc74.jpg,18
597ab9da93cafdb8e6332e571f7a1487adc4424f.jpg,12
229875021e075347997f536912e8426751b43404.jpg,39
3e476d76ce163b858903917d49f1117ca2722022.jpg,42
1c71f8821e97f53bf244b9315075fd75040096f2.jpg,46
4d41254b25dd66d87226e66f7cbd2c49b4a309f8.jpg,16
caca00d34feba537a7a04f9a7f87eb65e5a5c2a6.jpg,17
c9c1e45a41ac6abfc479c773f7a7c182ccb85e5d.jpg,16
4740d280de0c5a59f1efe20e8c3354bfc6532b23.jpg,13
bde8b83802573730656fe18672ef96629829101a.jpg,48
c25e8b9860e55ba9009c143f18babc5fa0040a90.jpg,40
1595c0e927f4b7ee44c536e3645c45b2ea77aea0.jpg,27
71f53aba122961e6d0961c019b59b38a43c4640e.jpg,45
b185377113d8ff5457bfab45fa7e823984d4d46d.jpg,6
f73ea33df67236192bf60c1b1eabdd3fbd308b13.jpg,13
81057e0f97ee4374c69cec7e059b1e0865673643.jpg,6
edf586be2735b5ced325b3fdeaf53d1511a302c5.jpg,14
64eb677483bed043862f6d41ad634f346af85b87.jpg,8
23c044ed9e88e2bd3629c4f96e0d97612e3746df.jpg,27
91a716bca033a428d3b10f2d624dcba0690814e9.jpg,37
d35b1ca95770984a1f399538a54c1c0fb2b871cd.jpg,6
020c958ea53aa203bac18075dbba420c3dc9e29e.jpg,8
30b930f6341bc4cdfae79672752ddbab13c5b149.jpg,38
2010d2e387098761318718b81a2341e7bbf2666d.jpg,42
09b8d72dfe050d0f5809daf4868e640d2a053e18.jpg,28
7c568af2d1f81d0e3c658012ef089c6535a7a05e.jpg,5
984f2311dec8e7fbf1ddc08300ba19140d48a611.jpg,4
aab10ebca716ef18f114ddb247ade39efefefad5.jpg,44
31480607913b30c52c9c647e6d961211c343817f.jpg,1
45d58203ffe0cff96c5a42040a20888f40a4de7f.jpg,10
0742274c7e486376bc7e213ad5a1067c54c63abb.jpg,46
0fdd50281653055458a5d56d40b13f39a19cc7b2.jpg,6
22c359738533c977ec795000218b4c48278c8a2b.jpg,23
76899d969200c09125c64e29ce33955259babec6.jpg,7
ba3d6aa90894354b318fc570f85dba5abb0f5e56.jpg,25
e955880c7632cd2ae6492bedee929dc99b9e6213.jpg,32
093ee06156459700301066c9cf858c243e0acd6d.jpg,36
62bf7b2c1210b7dfb00f3ac439c7e7db81ed5ea1.jpg,10
2f3ec22ed608e98fb818341e76b4218fdab6ce9a.jpg,21
7b219ca83ceed3edb7b422dfa187bffb88579cde.jpg,47
5f6ccce51d35d292e40410da3cb677f13de5082a.jpg,7
71afd99bb6ad237b59ca7dc9ac824e70efcd3e7f.jpg,6
09c4752cc87d37d939d9a9a2135bd6b74de8f5c5.jpg,10
881b6dbe735570a7ef058a4bf8a84395c6d148e4.jpg,41
e88ba61c38207a816de3a993a8864c5dfe393a60.jpg,23
4c76f68ba2f5304f4b4f4f29e0c4888c5461ee12.jpg,46
215d12d0034e1a2c96e2ccdd9479b6a7753fe1e6.jpg,48
0585eba80d713dc49187fd2fc0480d3fab44d8a9.jpg,22
30481ad204796ee5ad5bbc6c29846db7ebbe69e6.jpg,20
1747d1b4506a89925f748acfe5d9359eda5069f9.jpg,28
38ff98ebcdf6f9b3567dd8f6faf0efb5280cf594.jpg,13
c2100db2f9f85e8352af5b0e8c86667e0709033d.jpg,14
d2b83fc059600588fc959509f8b231a8490e0927.jpg,13
e50a9f25379e712c142f988a8f4dcc5991c145f9.jpg,20
d0dd27178e4c536aca40f0a91a0394fbc407e45f.jpg,12
4f56a8737d3791ca6bbefe382777bda801409a7f.jpg,16
e3a56bf5be5785846e98654fb2b823dbffa82324.jpg,32
a8e6563ebb92e12e0e2aa718aaeb3c559d48c4c4.jpg,45
ea7ac4a4c63da85cbc12c0ad65cfe5d85e915139.jpg,12
25cf69c4f6eb1b1a50f822fadd7424343ad3bb1b.jpg,42
da8fbe93ec1c9cebbd267941b43fdb1c1e0afdde.jpg,49
61816e544ef7e0f7916002512fc3daa239d8b53a.jpg,6
650151c82cac7ea57055360d1b6dfed936af1121.jpg,33
cf36d13f8384c8cd7028d1559ccd11130aa2ac8b.jpg,31
80fafc798bac695e1689ff5acecda6f9ade34639.jpg,10
355f241dfc5fb6f3a16b3dcba5cd3f672f01c687.jpg,18
c7ec0565dbb6d5870ab0c7ea1b45b2bb3599dfd1.jpg,10
1bdee7a462632e16efae488c54da68132d42bf86.jpg,27
4dd76e88c1e0c5c0a6d1097fd82dfe258b16785f.jpg,32
7a3c841a2d0d9515eaee585f4bb58b6932b532fc.jpg,8
628568d3e05ed6c22b9b5175befc85b721d4db65.jpg,29
7fc6281431be134dc03349fe22a8b32d7ec63818.jpg,19
88d7412ef6617a374e1a865543cb71d74cbeb952.jpg,34
0168099118ddc643574479f0a642839b2d9648fb.jpg,31
9062f4b1b2ce513f918cf49b9a60106a4891b91c.jpg,10
c8e57c4551d364b4593269715ba43269987a82bc.jpg,28
d0749b4d9240c34cddb978d5d6ba892d096d2a73.jpg,15
28e874c808489d21a5e2204dc4e3175e793a070e.jpg,10
a1194a753cbd0e9a3e86000904242531a3da4976.jpg,35
740d1d41075b42e732c2afdedc518b454469b6e6.jpg,10
d00e38a5214b15340310ec5971ccd22aad607b33.jpg,15
8ba3d6a7a47dcfb57bf54f1a182a1cf202e6fd46.jpg,30
062a660f31c1ed4124eae72d3b590e396289b729.jpg,6
0d6a1bcd19c6d0c8ee83dd54a8fc689c85554ba9.jpg,23
11a0bed2a14f8057e4352c2762e2a39ac67b0f9d.jpg,24
191aaf8b357aff4a973ce9dd98be487657fe41f8.jpg,33
99ef0c4dd07c3e5867013dc6a4e343518dd8a80e.jpg,29
74d80661cd00785485fa8ea5b3d1da1edc003108.jpg,8
4bfba3a8c1e6812d93968f31ff6e69471c547165.jpg,32
af882c37d314ffe9299ab6140b66b28433cdc860.jpg,37
42c443c18831171c6e9505a56016a0f08022b2b5.jpg,12
8592a4c456825573074c360b5a082de809830fc3.jpg,31
2b87c000de269dc37a3b1f4c881f39df55a9d5ad.jpg,33
9ecaac553070785808bef2cfff9499164379fbb3.jpg,8
b96b66872392d753665fd17eb8f4fa74ffe9190d.jpg,46
4377c97f57aff2e5ec8b2b39f1facf8e1bf38afc.jpg,2
5eeb4b2146a59b531ad5665189fdaf1fe425c58b.jpg,23
7d1aa455724cf68cce0a1e3892277f705a02a28c.jpg,13
ab84c3f86c045eede0c4546e096b46282149f275.jpg,33
6cdf888454b7d36a62daa8dab4f3848bfe8db5f0.jpg,4
6854695b3b3f4bfa1aa9aae9db296299c2ec1a3f.jpg,31
a40ebfdb58b3e53a4e78c5034c41994284b8f1bb.jpg,5
a24457f70b58d61490044b322428e7f7cee63d90.jpg,0
1ee981efac01eda52366397ceae7bfef9fb2f490.jpg,7
e57cebbfdaba0408f65ed02c8e7f6e1010053692.jpg,14
cbc30acd49ee29b9ae52fb40f2691aae09230571.jpg,29
90fb3c11b36ee1082b434c3de3f6ffe59553a98d.jpg,19
6bc9d88542ef1cace126d8c84d08a2113f910282.jpg,28
78efc79e2e56ebb31fce12f25e2f150fae0f7013.jpg,12
68468343c1a119a7f8a29bc5cc75667fc9ab3d77.jpg,15
622d68ab017a9de3cc45114ae7608670c82f63b7.jpg,10
4a457859d428891a3947ccf5b598e9db73b2f608.jpg,30
9507ee3ab7660c51cc5516af0031ca007150cdd6.jpg,5
7ef2fc69ac7af4e2a14fa748273db48365c0680e.jpg,33
7f0294f07f20bbfaa4d679dda2f38d01440ffd78.jpg,39
f1f6b5bbf304bb433bbb6e86b183856903f3de2d.jpg,42
9a550344cc426de3b5b5fbf9de61679a2a8514bb.jpg,41
cd1458550309f42dcdcf23a09bf19b0122052c31.jpg,10
c63ebe9615a279177b4b9cfabfd59c11bae3f9d5.jpg,17
27332a8e3ee10e7a24b1e25cef2892566b329028.jpg,39
71fd69e13d1fcd31c7c6e6e7a89a2aedc1c8fbe5.jpg,20
89163a6873a259cf1650b14f397785c66e2744ca.jpg,34
5b67b37c3bc41e89d3650fc5e00b492910d2657c.jpg,30
7cbbf47e47fb27bb3a955d815a39c919fd4b189c.jpg,24
232ee3c65d167c7afa251e6cb2f19b762c174870.jpg,47
b60d7da54f67d63c3bd18bc2a25563703c168566.jpg,43
67260e9a4b1b431f039ee29734f64d0bf2c89238.jpg,48
4372cb6b35b885f273cffc64488eee942a1fccee.jpg,31
2bbb32c16b00c744a9edb6ca38c6e7822054edff.jpg,48
30897c114e5f42e967f30c77cc6fea8b77c21d58.jpg,2
e9fc286a393dc57615a8457978fc622e21079ace.jpg,23
9a7c9e16f152c4d0db63146987be3f868898ff52.jpg,7
dbd6c607997a995672e44875441d2305a4644fa6.jpg,17
7259cae1d4af41d8e22c1a7ad03263aa11155cb6.jpg,26
589163429196c8294a16344d461ec9e267b787c2.jpg,27
8e4ae3d9d925e682092cb8c2fa8fce5adb241bdd.jpg,27
b5f962e5d8805dbdef1280b0d0ec98e3529ad094.jpg,41
83344cbbdc31e63932af9bf777182e979665db37.jpg,41
a6cfa9bc40fc76ae8a5e1b081001453ff2e1b33a.jpg,7
e3778749a88eebbb874bde8643292fb1c2408a21.jpg,10
83a97987aaf48e3617a2c5ba6ff7c8c40defc11c.jpg,41
acd2729c358cea0c797926511be4192b7097c41d.jpg,25
04f076b0ec71cba53ea49b070b93ada904ebb4da.jpg,33
caf9f2302601fd54803990cd288ce5d15197a8a6.jpg,21
e8221549ef5f9059afc472dc516ddc7b8300c761.jpg,8
8b225594f4ec5a5bc92656be0d8e4f7350cb0708.jpg,42
19b4e7db84d765b5c802bec029c9746f3174ec85.jpg,2
f24dac986b69bc82b959fcf3da32a80f314b1636.jpg,40
96d5905bf03e7aa94238461cbd241d6899a46e59.jpg,24
1a0ab5802c70335f8479c21f877773683924c011.jpg,44
f881cd32c895d4a572c324af61c00484346679b7.jpg,49
fa10dc9c66656d7cf12655ce3a0129c9bc8a37be.jpg,48
c318655d3729916ca1aaf075087756fd7b0b79dd.jpg,46
0e758aed1bc8806cc2bd50a64d48ebc7239a2080.jpg,39
1abd59b674e21e12c8b5c1fec2704339db7bbd78.jpg,42
141f955353e0bc9d35e5de53a674330008715902.jpg,15
add651514053cc5d3f379e4c0ea4401acbc3fd0e.jpg,13
f3eb903c3b1ccd84c087b677026d67e211c8b4d0.jpg,25
3344e02a4acede71f4f2385e80fcd88bf32d39c1.jpg,8
030f7d8e563273d5fcaa3ec00b9a102fa1490d20.jpg,25
46d3bdb653dcd491b480235f7f4b053ea190f760.jpg,15
2a968c3a48eea48023bd3f5deb797c58a4e82708.jpg,7
21a755d58a765ce233a7802a7becd8d8fecb31c9.jpg,43
896f837a7235a06d9af7cd31f544520e4dde5789.jpg,30
98ee7c240b09016ccd8742c6129423d801528267.jpg,49
ba1b9f6c94022c14bc6333a1be6e9afd5539c8f3.jpg,46
8f1a0bd24068b05cc09ea99a150e44c8baa43fea.jpg,8
0821544074181f7a2c3a23def29379c02e81352f.jpg,39
c512cbfdc58f6dfa42d4cc76eb4a1edf650b8623.jpg,31
39e43e75a6b1fa87077f068e479c8de76c8a1deb.jpg,35
42e11b030c087c6ca86ba5fe1a832a6210f90fe2.jpg,35
7fe149b3522fd67731defb7dd5caf5730d7342d1.jpg,27
0404fb960c0118c60710b64704a2cca38c7a2598.jpg,15
325a3e13de17be4108717ee2f381adcba45d1f7b.jpg,36
ef248ae4f975d23187528ca05776656a58ab47e9.jpg,44
61436105e04693e0aaf27a76313a53b401708d18.jpg,20
dbed2c3766f9f0ba383049ed4d5d9dd1eefc1e83.jpg,37
c1b6989199bbd4de5b39389b2f137051db4902a5.jpg,47
25ecb651671486d3fb561c0122c9e04557d1b7a4.jpg,41
056617e826921d13ddb5f025f21ae174a2415032.jpg,42
5a404dd841c4e0aed7d641decc662132287670c8.jpg,27
e31f5f143227f072e17c0ff90fd6ecbaa3cfa9f1.jpg,19
0aff43d54260354bf03a4107834c34b2ea0b2abb.jpg,9
c1cb16b2f31e86b94067b9c167ac4d2cf5660eb6.jpg,9
6209376ff92e505a9f98847e53e37f0d56cdcb42.jpg,5
c72f643ce3482622b95c1a1d519fad4df58ed1f1.jpg,37
52ef53df93a4ddfa49de19621f8f15651ba86158.jpg,36
847617d6f45a3cf001c77b091b428940461585c3.jpg,33
3d0f4a3397bea410981edd4998f91932faacea0c.jpg,25
c454545e087781e775fa1795083e849bc46768a0.jpg,18
15014694b2779e1d2fef3645518f4c4f1f9d7d73.jpg,38
a2791b0006c94324908213517f4806de3908e08f.jpg,43
5a925f4addab5eced4415907add56d8e94edd602.jpg,8
bba502450346640d0bbf71290b3ca8a9a1b86403.jpg,48
db93c4b606e599dc1978f302008b9695645299d8.jpg,32
5fbdae9a7efb276c486eddaf3b58185ba17eb2df.jpg,7
bc8a785e22adb63cd4ac3900a034c9abc118e5ac.jpg,15
7ad74b6f0158e2712a2e3bef1974572c0da863d2.jpg,0
1f1ca3613f98720dc594ecc2b2a4e209e48e00a6.jpg,8
bb62ab1e0fccf20ce3374b36fda170fba134e548.jpg,4
070c88d47ee8c3072d24ef4264b03afaa6be8d53.jpg,2
82e8cc17a1c25939017b35f49a2034eb4e9dd710.jpg,16
36c0778e5ad2445be8fab114453cdd9cd22d77fe.jpg,30
fd0454e5c0d3c1ef269e2534f26decbf321b8b69.jpg,16
969711a11d4c82128fa7a7fb94751e527ddf03bb.jpg,10
646ab081540e4c4b8de5087b394813fe8bf6d7e0.jpg,17
6146e126b6fb3d9ad59e616098c82d529336e3fd.jpg,1
4067d04ee1452673c49ac2cc7270728a76983d07.jpg,41
3a34917263be99aebb97d0d5757e9327b585415a.jpg,31
0e821cd60697aa2210b8faa78a36bfe0d0cb0f0d.jpg,49
e9c9d7ed9b4661a4e56e79ac3fb6a7aaef8015fa.jpg,4
0de083494a45755414837e2843db683f1f9b08e7.jpg,23
1023c3be6341c534d9a2088cc0b838ca6af79d3c.jpg,27
42ea7acd5b17484ae33391b9b04d1f84dcf4addf.jpg,36
8c157e611c3bc73d509299ae17cee9583e4de46f.jpg,26
d6b283fece4435013d063bc5208502c90d7bc8aa.jpg,14
8cce62aa614be3ad28f401ea4d3496a6076c388a.jpg,9
d67a8b2bb02bf01d99ebc591c409d8ac10ebe653.jpg,40
e79a9664e292307878bbef71c3d79713c97a89eb.jpg,1
ddacc1c1c63d6933d8ffc298533cc6f8a675d072.jpg,23
66086025157d614f2baf8ded4f1999b987dae85c.jpg,25
30399d0eb56a2fff299e89e69ca696f1b054c2f9.jpg,39
ab6c3ecd6b0f5905ce2683c46632ca9d30c6e72e.jpg,22
215497052cc910f40ff31d98ed79f37ad2d3f0b1.jpg,4
f400fad6ca903d3e2af932505100073f041a63ed.jpg,2
45fa38c7f89db68147b218ad7be7fc210e5c80e5.jpg,34
f660038bb43a8d296f636e9934e7638ec365462b.jpg,41
7a29b1c3f0fac1928905f93a7a384029d2ecc6eb.jpg,7
d4e6ad2713914fd13bd557f79c0111543960537a.jpg,5
f5aa34121d1da26eb3d0e16ac60d7e2984636d98.jpg,15
c1c667055ff6ec504389d0c40aa46e3ff4e5c17f.jpg,21
72be3230b72a9de6a5ff4dbbc21328e70cc71fd4.jpg,42
fa95206ec8b602c76d7819e412d277f4d5faaae0.jpg,10
9fee7681d25f178b03d27ac4791c2710db1f42f7.jpg,33
70949a04e45dd44883118707eec792f7cd449bb5.jpg,30
2b3cf91ae5ab2c0e4c2976a2665d66a1b52cdf02.jpg,39
9816a71aeef7eca2975e0f9a3a0133522f31dce7.jpg,2
84268fab59c2867deee8f40dfb020fc5ab55e55c.jpg,34
2b721e4acfc6b5253b0aa1502afa15272b95d0b6.jpg,20
8048bba6d5a2973780caba764a65279a57cd9764.jpg,29
d0ba70e155e2a7e88d96ac60a25ff695f317446b.jpg,15
5dd7550abc0192cefdc69acb2848d23b2c967d56.jpg,37
63ba4aa37bcf61703acd3c65e66d8ab81a3d6619.jpg,20
584a444a6aa1adf6e2b221351496dd0638615f48.jpg,18
4ce67a9c2f3adadfa39eda97d057bb0d18344647.jpg,4
9629bf30c0f1f1efc96c823ecab8109ef5034321.jpg,33
fcc9c23abfbef09ef7d669866f5108539a3d281b.jpg,8
6ac58ab930d94a8e127f7c2927da27eb2ed9d8f8.jpg,11
ebf1b1b2bad3d1079ac034010ccb9bfc9bf6eef8.jpg,0
79995f4c61ae31f4a834c776fd9cfbbb92ef855b.jpg,48
c1aed2d1b2726f60044b43270bee3cdb86635e64.jpg,46
1a1014c0c47d170c33f1ed098cf9df65ea3e0056.jpg,36
97dd82c186974e1a7914ffb3e2659570f670a6aa.jpg,39
261fe1d7899d62fc95891d57cd9721a1640bc882.jpg,31
c30bb7118a096b020c0419a28ac765c248625b30.jpg,18
4820879a0c63ae71bd6b03be002936ddb973bd8b.jpg,4
fb3166c74500f34d74d0320110436fb285464b8a.jpg,37
84031690ed41653127a654c6fcc343e894f7b83f.jpg,12
fb1a817cd09fc9e542606324e2266f8824033f3b.jpg,18
d57fdae8d9b27bc92f19ec059f261f97401af95f.jpg,21
c03bf8feb57b7d4e66bd23ac9555b17504c5aaa3.jpg,10
0d5391101b91d6b52155482e27fcdb50aceda9a0.jpg,26
65bba72ac9b32d8689cfcd2e048cb3f9d589f900.jpg,41
8e5011d64107739ca35e1eab337714d967b39f39.jpg,25
53a5596eb5bdb631118f7b7571bf636ce45a5eac.jpg,40
80075b666707fe3a536ffea1ae58d9e032177219.jpg,26
216d018e83233b9de63a4540de2050d0407adb2d.jpg,10
d160316621b83372d52d670f26feb17ce36f8b2c.jpg,10
4a1a2f64e64a008507f80a9947f3afeecddfc9ef.jpg,39
f94b9a265e8ad89c5f75aba2870e601b1e788a6d.jpg,18
4969a6a4c9b390328a30d59e10605c6c64b1bcd6.jpg,23
412271b3b70396ba2315f49b1eceec4c7c64edb8.jpg,25
d60a8ba2daae9881e56368b9b2bdc4f09452d9ad.jpg,18
